A_mid,E,Egrad,Emass,F50_energy_fraction_mid,F90_energy_fraction_mid,cancellation_mid,energy_identity_relerr,eta_mid,fmass_global,gain_mid_vs_baseline,gain_mid_vs_l4,gain_mid_vs_local,mu_dx,mu_h,pad,pad_eta_mid_relerr_97_129,q_max,q_min,q_outward_weighted_median_mid,q_teacher_absdiff_mid,resolved_mu_dx,teacher_F90_energy_fraction,teacher_F90_gross_outward_fraction,wildcard
-0.045571119648103786,1.2592323389648594,0.9506430605618175,0.308589278403042,0.009021075670812806,0.12866016704300204,42.06669362573453,0.0,-0.03618960396582978,0.24506143056706678,-0.30030922433118856,1.2937216224094437,-0.5958736654194849,0.06471862719322255,0.25,97,0.0008134022026693404,3.999302369436745,2.0018580957129357,2.6563034230785356,0.006674283890651278,True,3.321007197545367e-05,0.25212650929344177,False
-0.05834449239559425,1.0390165535798737,0.6981473457015206,0.3408692078783531,0.0049424522281763675,0.11621746931065247,36.88142692771668,0.0,-0.056153573486939695,0.32806908292645315,-0.465974596273828,2.0074022435892065,-0.9245869529729728,0.09060607807051158,0.35,97,8.475459661907127e-05,3.9986329450154092,2.003635376215735,3.292469637167169,0.6428404979792846,True,5.495973232137995e-05,0.30802894077142956,False
-0.06081315035251145,0.7938471019655569,0.4535975867875032,0.3402495151780536,0.0028356438414258874,0.10266391803668247,37.11242706007117,2.7970701710096473e-16,-0.07660562116047126,0.42860837349610453,-0.6356901471436848,2.738530893761211,-1.2613366069362524,0.1294372543864451,0.5,97,2.444527909156304e-06,3.9972118950162017,2.0073911107751097,3.7961555030618475,1.1465263638739631,True,8.778274323800869e-05,0.3572366712312081,False
-0.05195000914278469,0.6458169470271092,0.325069167377731,0.32074777964937823,0.002315711440268753,0.09506931940329019,42.21336110996037,1.7190986234347813e-16,-0.08044076480483564,0.4966543246129995,-0.6675150053025422,2.8756312682899043,-1.3244835013575174,0.1617965679830564,0.625,97,1.2063767633978548e-07,3.9956468985268083,2.0115006256746257,3.9356549504864073,1.286025811298523,True,0.00011251733778232176,0.3803297668801214,True
-0.043961837671427584,0.5747688198592907,0.26913216639874754,0.3056366534605432,0.0020579804346105555,0.0917529901817231,48.13020225767957,1.9315992556745692e-16,-0.07648612129340956,0.5317557997237327,-0.6346985111915792,2.7342589608039245,-1.2593690025416193,0.18121215614102315,0.7,97,1.992493680357603e-08,3.9945424463024004,2.0143840934814965,3.944323119507589,1.2946939803197046,True,0.0001256441024341979,0.3892725957135659,False
-0.007949888205155742,0.37841504243167967,0.13679876861924928,0.2416162738124304,0.0019264456422938116,0.08479520494754622,214.08430745439742,1.4669382822243384e-16,-0.021008383160643095,0.6384954262383812,-0.17433214404286101,0.7510167719008152,-0.34590989971289005,0.2588745087728902,1.0,97,9.225293988913741e-11,3.98889352051743,2.0289187419554886,3.8818336785517986,1.2322045393639143,True,0.0001641145067145228,0.4029591087569872,False
0.024824105573203414,0.23893468260845613,0.06568744634294296,0.17324723626551317,0.0025913513144578387,0.08313915874658583,48.01236421880851,2.323277249884409e-16,0.10389494443501467,0.7250819946864498,0.8621429017203616,-3.7140814307201913,1.7106642398601457,0.3624243122820463,1.4,97,2.1772757326884816e-14,3.9783467557080074,2.0551242580376594,3.79517022353986,1.1455410843519758,True,0.00018623737936447398,0.39302413766846683,False
0.03289162961565928,0.19608996024968417,0.048166522588563326,0.14792343766112084,0.00293101467409505,0.08374714449696659,30.30734457310651,2.830902263459826e-16,0.16773744853524317,0.7543651774561421,1.3919219206840123,-5.9963508930004314,2.7618519501119896,0.41419921403662435,1.6,97,1.3237628619251199e-15,3.9733763275870104,2.0707816331074818,3.7565604681365388,1.1069313289486544,True,0.00018896469832500577,0.38275068410374996,True
0.03769931164576576,0.1535813842549446,0.03292632015523508,0.12065506409970952,0.003797513500411682,0.08534269684620163,20.900184797651086,1.8072226494296175e-16,0.24546797666040712,0.7856099532181745,2.0369467910905046,-8.775095447701288,4.041710518132432,0.48538970394916914,1.875,97,5.088243768885691e-15,3.9686719950271554,2.096838033086051,3.7115265851564065,1.0618974459685222,True,0.00018739613266123694,0.3663462550726122,True
0.03825034803292468,0.13866529530060998,0.028100356655354104,0.11056493864525588,0.004160414026616994,0.08596510986803971,18.604806421661518,2.001623806119484e-16,0.27584658403533807,0.7973511930693556,2.289035098706171,-9.861083049465142,4.541904224146215,0.5177490175457804,2.0,97,1.4086745354404134e-15,3.966613650269342,2.0965766253753833,3.694355311267095,1.0447261720792107,False,0.00018535628371763363,0.35853948148242526,False
0.03193769753666208,0.07957288090322383,0.011815271369344734,0.06775760953387909,0.006780963032598603,0.09069723317152852,12.568367344853106,0.0,0.4013640975938091,0.8515163553809945,3.3306067935032346,-14.3481374376532,6.608591136471787,0.7248486245640926,2.8,97,4.010880383565482e-15,3.9780470207598198,2.000000000063458,3.7445989952717103,1.094969856083826,False,0.00016482235571226077,0.3109866476076604,False
0.028140529674208978,0.06588578653421864,0.008753407788756985,0.05713237874546166,0.00796041695752127,0.09226583661192063,11.70830334775036,2.1063401589061768e-16,0.4271107799493875,0.8671426987638557,3.544258377383671,-15.268540979514833,7.032518682130905,0.8089828399152819,3.125,97,1.0397518177899573e-15,3.986590933231272,2.000000000005089,3.767296330107316,1.1176671909194318,False,0.00015593131251986624,0.2944432972825194,True
0.019590776051159144,0.04259488712850026,0.004299627097986883,0.038295260030513374,0.009981981477931976,0.09524387570442315,10.672641525720937,0.0,0.4599325734109282,0.8990576712877354,3.816620775847618,-16.441868654709758,7.572940246125799,1.0354980350915608,4.0,97,2.051799819118788e-15,3.9905480389321006,2.0,3.8196473458849085,1.1700182066970242,False,0.00013540530216382866,0.2588928923163631,False
0.013292049639634956,0.02835519407164461,0.0021588497018769394,0.02619634436976767,0.01196655411981659,0.0973865374544448,10.338777280408419,1.2235666393915057e-16,0.46876948209383257,0.923864047750045,3.8899513708592206,-16.757774290182468,7.718442837777019,1.294372543864451,5.0,97,1.0657698083283416e-15,3.995952483390006,2.0,3.867246187051567,1.2176170478636825,False,0.00011863740048772607,0.23121767191503115,True
0.010772964410034936,0.022968925405036183,0.001496151976821223,0.02147277342821496,0.012996913961951403,0.09828539768731685,10.284275496039594,1.5104959813195702e-16,0.4690234401507024,0.9348619079718385,3.8920587701870293,-16.766852892691293,7.722624340242554,1.4496972491281852,5.6,97,1.1835474835420053e-16,3.996517606260032,2.0,3.8886957370477413,1.239066597859857,False,0.00011128940816582492,0.219301713442677,False
0.005400932173899413,0.011668146647833765,0.00044125653087232267,0.011226890116961442,0.015124866644997157,0.10046161424901036,10.329571960345884,1.4867172382503992e-16,0.46287832480251834,0.9621828089592751,3.8410652631737636,-16.54717465013157,7.621443006221729,2.0709960701831216,8.0,97,4.797040453768578e-16,3.99560031979224,2.0,3.943515290713125,1.2938861515252404,False,9.383459330877036e-05,0.19134751806192435,False
0.0024121984156025298,0.005302306215276673,9.983895182445476e-05,0.005202467263452218,0.016327777330839184,0.10123825901233326,10.474367323958791,3.2716395574794047e-16,0.4549338189206528,0.981170655226059,3.7751400211807793,-16.26317101614782,7.490634118557646,3.106494105274683,12.0,97,1.9523244541532644e-15,3.997846380200681,2.0,3.971303250541263,1.3216741113533788,False,8.268499340093226e-05,0.17372793765325134,False
0.001357095261073333,0.003007784588417142,3.334458184719128e-05,0.002974440006569951,0.016580879466830702,0.10161826757058423,10.553566558152765,0.0,0.45119429971795605,0.9889139062765332,3.744108675488414,-16.129489065538134,7.429061711843238,4.141992140366243,16.0,97,1.8454738213434227e-15,3.999460902586088,2.000000000179887,3.9830512678580283,1.333422128670144,False,7.842460055329577e-05,0.16705307519465104,False
0.000602886955681881,0.0013451974172600948,6.8650748612695774e-06,0.0013383323423988252,0.017298500726226573,0.10190214588799933,10.621524869754971,1.6119599377373369e-16,0.4481773068742909,0.9948966041911883,3.719073011059776,-16.02163629986019,7.3793859379387605,6.212988210549366,24.0,97,1.2385979919065394e-15,3.999559267175607,2.0,3.9922268019330267,1.3425976627451424,False,7.526049030250421e-05,0.16212195235542948,False
-0.0456758199656907,1.2610988281666167,0.9472457461819414,0.31385308198467526,0.009017389412718894,0.12867862368319044,42.04834333610142,1.7607232674051358e-16,-0.036219064632780705,0.24887270923957192,-0.3005536953690221,1.2947747950797222,-0.5963587449361972,0.06471862719322255,0.25,129,0.0008134022026693404,3.9993023691943437,2.001858095712936,2.6719942714840257,0.022365132296141343,True,3.323720197526688e-05,0.2522427936627805,False
-0.058359787781041006,1.039200853964194,0.6975728510396436,0.3416280029245503,0.004942515324786103,0.11629897292242339,36.88101833279923,0.0,-0.056158333163813794,0.328741072162669,-0.46601409311030834,2.0075723945776924,-0.9246653226093983,0.09060607807051158,0.35,129,8.475459661907127e-05,3.9986329449819165,2.003635376215739,3.2926382521864683,0.643009112998584,True,5.496451083015268e-05,0.30803322342478817,False
-0.06081370543119824,0.7938524072927697,0.45357152754266344,0.34028087975010635,0.0028356492184679763,0.10266365323325796,37.112461944726725,1.3985257390744557e-16,-0.07660580842550796,0.42864501842420194,-0.6356917011097897,2.7385375881927754,-1.261339690316328,0.1294372543864451,0.5,129,2.444527909156304e-06,3.9972118950146607,2.0073911107745976,3.79615842376662,1.1465292845787358,True,8.778296690560722e-05,0.35723635768457984,False
-0.05195003790611041,0.6458172266887201,0.32506740040866544,0.3207498262800546,0.0023157116842431004,0.09506930690026485,42.21336559206512,5.157293637013544e-16,-0.08044077450902376,0.4966572785997454,-0.667515085830011,2.8756316151994206,-1.3244836611401485,0.1617965679830564,0.625,129,1.2063767633978548e-07,3.995646898526693,2.011500625666186,3.93565502995026,1.2860258907623758,True,0.00011251735155673252,0.3803297255036292,True
-0.04396184226463118,0.574768868459829,0.26913181959922644,0.30563704886060256,0.002057980472129799,0.09175298816047726,48.130203423860344,1.9315990923449794e-16,-0.07648612281739073,0.5317564426890384,-0.6346985238379071,2.734259015283863,-1.2593690276344676,0.18121215614102315,0.7,129,1.992493680357603e-08,3.9945424463023764,2.014384093381663,3.9443231178356095,1.2946939786477252,True,0.00012564410479058317,0.3892725854608273,False
-0.00794988820695336,0.3784150424823365,0.13679876809903777,0.24161627438329875,0.0019264456422966672,0.08479520494568472,214.08430744846305,0.0,-0.02100838316258118,0.6384954276614858,-0.17433214405894368,0.7510167719700988,-0.34590989974480124,0.2588745087728902,1.0,129,9.225293988913741e-11,3.98889352051743,2.0289183235426926,3.8818336785483707,1.2322045393604864,True,0.00016411450671401025,0.4029591087294211,False
0.024824105573203636,0.23893468260846346,0.06568744634283943,0.17324723626562402,0.0025913513144578196,0.08313915874658567,48.01236421881019,1.1616386249421693e-16,0.1038949444350124,0.7250819946868916,0.8621429017203428,-3.7140814307201104,1.7106642398601086,0.3624243122820463,1.4,129,2.1772757326884816e-14,3.9783467557080088,2.0004484557126787,3.7951702235398592,1.1455410843519749,True,0.00018623737936447238,0.3930241376684583,False
0.032891629615659335,0.19608996024968425,0.04816652258856175,0.1479234376611225,0.0029310146740950506,0.08374714449696653,30.307344573106494,1.4154511317299126e-16,0.1677374485352434,0.7543651774561503,1.391921920684014,-5.996350893000439,2.7618519501119936,0.41419921403662435,1.6,129,1.3237628619251199e-15,3.97337632758701,2.0000000500834343,3.7565604681365383,1.106931328948654,True,0.000188964698325006,0.38275068410374996,True
0.037699311645765954,0.1535813842549446,0.03292632015523507,0.12065506409970954,0.0037975135004116845,0.08534269684620166,20.900184797650986,1.8072226494296175e-16,0.24546797666040837,0.7856099532181746,2.036946791090515,-8.775095447701332,4.041710518132453,0.48538970394916914,1.875,129,5.088243768885691e-15,3.9686719950271563,2.0000000000762497,3.7115265851564074,1.061897445968523,True,0.00018739613266123719,0.3663462550726124,True
0.038250348032924625,0.13866529530060998,0.028100356655354104,0.11056493864525588,0.0041604140266169945,0.08596510986803971,18.604806421661547,0.0,0.2758465840353377,0.7973511930693556,2.2890350987061674,-9.861083049465128,4.541904224146209,0.5177490175457804,2.0,129,1.4086745354404134e-15,3.966613650269342,2.000000000077993,3.6943553112670955,1.0447261720792111,False,0.0001853562837176336,0.3585394814824253,False
0.0319376975366622,0.07957288090322383,0.011815271369344732,0.06775760953387909,0.0067809630325986045,0.0906972331715285,12.56836734485306,0.0,0.4013640975938107,0.8515163553809945,3.3306067935032484,-14.348137437653259,6.608591136471814,0.7248486245640926,2.8,129,4.010880383565482e-15,3.9874350618138132,2.0,3.7445989952717094,1.094969856083825,False,0.00016482235571226093,0.31098664760766076,False
0.028140529674209006,0.06588578653421864,0.008753407788756985,0.057132378745461655,0.007960416957521272,0.0922658366119206,11.708303347750352,0.0,0.42711077994938795,0.8671426987638556,3.544258377383675,-15.26854097951485,7.032518682130912,0.8089828399152819,3.125,129,1.0397518177899573e-15,3.997625968340445,2.000000000000207,3.767296330107316,1.1176671909194318,False,0.0001559313125198663,0.29444329728251956,True
0.019590776051159185,0.04259488712850026,0.004299627097986883,0.038295260030513374,0.009981981477931974,0.09524387570442312,10.67264152572092,1.6290438528394202e-16,0.45993257341092914,0.8990576712877354,3.816620775847626,-16.44186865470979,7.572940246125815,1.0354980350915608,4.0,129,2.051799819118788e-15,3.9920083187372075,2.0000000000000586,3.8196473458849085,1.1700182066970242,False,0.00013540530216382874,0.2588928923163632,False
0.01329204963963497,0.02835519407164461,0.0021588497018769385,0.02619634436976767,0.011966554119816597,0.09738653745444481,10.33877728040841,1.2235666393915057e-16,0.46876948209383307,0.923864047750045,3.889951370859225,-16.757774290182486,7.718442837777027,1.294372543864451,5.0,129,1.0657698083283416e-15,3.9966633488658765,2.0000000000000346,3.867246187051567,1.2176170478636825,False,0.00011863740048772619,0.23121767191503137,True
0.01077296441003494,0.022968925405036186,0.0014961519768212231,0.021472773428214964,0.012996913961951405,0.09828539768731684,10.28427549603959,0.0,0.46902344015070246,0.9348619079718385,3.8920587701870297,-16.766852892691297,7.722624340242555,1.4496972491281852,5.6,129,1.1835474835420053e-16,3.995212382170766,2.0000000000034643,3.8886957370477413,1.239066597859857,False,0.00011128940816582502,0.21930171344267704,False
0.005400932173899416,0.011668146647833767,0.0004412565308723226,0.011226890116961444,0.015124866644997164,0.10046161424901039,10.329571960345879,1.4867172382503992e-16,0.46287832480251856,0.9621828089592751,3.8410652631737654,-16.547174650131577,7.621443006221733,2.0709960701831216,8.0,129,4.797040453768578e-16,3.997830833860028,2.0,3.9435152907131252,1.293886151525241,False,9.383459330877037e-05,0.19134751806192435,False
0.002412198415602534,0.005302306215276672,9.983895182445476e-05,0.005202467263452217,0.016327777330839184,0.1012382590123333,10.474367323958775,1.6358197787397026e-16,0.4549338189206537,0.981170655226059,3.7751400211807864,-16.26317101614785,7.4906341185576615,3.106494105274683,12.0,129,1.9523244541532644e-15,3.9991319272793056,2.000000000001476,3.971303250541263,1.3216741113533788,False,8.268499340093235e-05,0.17372793765325148,False
0.0013570952610733357,0.003007784588417142,3.334458184719127e-05,0.002974440006569951,0.016580879466830706,0.10161826757058424,10.553566558152747,1.441861463963508e-16,0.4511942997179569,0.9889139062765332,3.744108675488421,-16.129489065538163,7.429061711843251,4.141992140366243,16.0,129,1.8454738213434227e-15,3.9996897578858475,2.0,3.9830512678580283,1.333422128670144,False,7.842460055329586e-05,0.16705307519465118,False
0.0006028869556818817,0.0013451974172600945,6.865074861269577e-06,0.001338332342398825,0.01729850072622658,0.10190214588799934,10.621524869754964,1.6119599377373369e-16,0.44817730687429147,0.9948966041911883,3.7190730110597805,-16.021636299860212,7.37938593793877,6.212988210549366,24.0,129,1.2385979919065394e-15,3.9997537316716,2.0,3.9922268019330267,1.3425976627451424,False,7.526049030250424e-05,0.16212195235542948,False
