F50_energy_fraction,F90_energy_fraction,acceleration,active_mass_integral,active_total,active_total_relerr,cap_multiplier,coefficient,core_active,core_active_fraction,dec_saturation_energy_fraction,density_cap,density_cap_active,depth,energy_effective_length,energy_effective_volume,energy_volume_fraction_50,energy_width_cells,force_effective_length,force_effective_volume,force_volume_fraction_50,force_width_cells,gain_vs_006D,green,green_postcheck,grid_scale,headroom_vs_B7,label,max_cell_energy_fraction,max_cell_force_fraction,max_conservation_residual,max_dec_violation,max_energy_density,name,nr,nz,occupied_fraction,peak_energy_payload_surface_distance,peak_force_payload_surface_distance,radial_laue,radius,solver,status,support_radius,trace_integral,track,uncapped,vertical_laue
,,1.000000000011691,40.71726410132417,,,,40.71726410132416,,,,,,0.125,,,,,,,,,0.5794000854414425,,True,,10.369608082154462,,,,3.452793606584237e-13,0.0,111.15607540623094,RADIAL_R3P0,20,2,0.475,,,1.5987211554602254e-14,3.0,CLARABEL,optimal,,1.8210530232722024e-14,A_UNCAPPED_RADIAL_SUPPORT,,2.2233186781197684e-15
,,0.999999999961268,34.95377856822232,,,,34.953778568222276,,,,,,0.125,,,,,,,,,0.6749366525053445,,True,,12.079439997716467,,,,5.520028878436278e-13,0.0,72.7232078864331,RADIAL_R3P353682,20,2,0.475,,,3.2862601528904634e-14,3.353681771042527,CLARABEL,optimal,,3.4359355425175556e-14,A_UNCAPPED_RADIAL_SUPPORT,,1.4967538962709257e-15
,,0.9999999999969743,32.568690613807696,,,,32.56869061380768,,,,,,0.125,,,,,,,,,0.7243639782450207,,True,,12.964048076569135,,,,2.3092638912203256e-14,0.0,54.195143898937765,RADIAL_R3P75,20,2,0.475,,,7.105427357601002e-15,3.75,CLARABEL,optimal,,7.390681671339324e-15,A_UNCAPPED_RADIAL_SUPPORT,,2.8525431373832196e-16
,,0.9999999999692961,31.953587356391807,,,,31.95358735639181,,,,,,0.125,,,,,,,,,0.7383079100359564,,True,,13.213604663510493,,,,4.32888801115045e-14,0.0,44.352991961121894,RADIAL_R4P0,20,2,0.475,,,1.7763568394002505e-15,4.0,CLARABEL,optimal,,2.2765690714438024e-15,A_UNCAPPED_RADIAL_SUPPORT,,5.002122320435522e-16
,,0.9999999994670777,31.837123802013956,,,,31.837123802013952,,,,,,0.125,,,,,,,,,0.7410087181856748,,True,,13.261941422032598,,,,6.495156477428072e-14,0.0,39.14525435083764,RADIAL_R4P25,20,2,0.525,,,8.881784197001252e-16,4.25,CLARABEL,optimal,,8.2145950660071615e-16,A_UNCAPPED_RADIAL_SUPPORT,,-6.671891309940908e-17
,,0.9999999999732583,32.20470642109564,,,,32.20470642109565,,,,,,0.125,,,,,,,,,0.7325508883942305,,True,,13.11057040506765,,,,2.2214822152661893e-14,2.55262477821816e-11,35.31974835192651,RADIAL_R4P5,20,2,0.475,,,-3.552713678800501e-15,4.5,CLARABEL,optimal,,-3.2818564850788315e-15,A_UNCAPPED_RADIAL_SUPPORT,,2.708571937216696e-16
,,0.9999999997480076,32.37609818415573,,,,32.37609818415572,,,,,,0.125,,,,,,,,,0.7286729291794122,,True,,13.04116600174312,,,,2.2688135679851078e-13,5.750386833369703e-10,30.73396760000449,RADIAL_R4P701437,20,2,0.475,,,4.440892098500626e-15,4.7014374053,CLARABEL,optimal,,7.256573005408112e-15,A_UNCAPPED_RADIAL_SUPPORT,,2.815680906907486e-15
,,0.9999999999476894,32.954754666944254,,,,32.95475466694425,,,,,,0.125,,,,,,,,,0.7158780739737349,,True,,12.81217460653181,,,,2.834803105096163e-14,2.4587443192558567e-10,27.65881433033882,RADIAL_R5P0,20,2,0.475,,,1.0658141036401503e-14,5.0,CLARABEL,optimal,,1.1314355605310453e-14,A_UNCAPPED_RADIAL_SUPPORT,,6.562145689089506e-16
,,0.9999999998399223,34.73339867841094,,,,34.73339867841094,,,,,,0.125,,,,,,,,,0.6792190570717946,,True,,12.156082818660275,,,,1.799921054058623e-13,1.123011017511999e-09,24.09224855185644,RADIAL_R5P5,20,2,0.475,,,8.881784197001252e-16,5.5,CLARABEL,optimal,,2.4225439462808776e-15,A_UNCAPPED_RADIAL_SUPPORT,,1.5343655265807524e-15
,,0.9999999988780831,36.23812498368512,,,,36.23812498368514,,,,,,0.125,,,,,,,,,0.6510156447076174,,True,,11.651322222063047,,,,1.203289129848937e-12,1.1099686503257544e-08,21.48296893518817,RADIAL_R6P0,20,2,0.8,,,-2.4868995751603507e-14,6.0,CLARABEL,optimal,,-2.3198614602185216e-14,A_UNCAPPED_RADIAL_SUPPORT,,1.6703811494182907e-15
,,,,,,1.0,nan,,,,1.6698553194205294,,0.125,,,,,,,,,nan,False,False,,nan,CAPACITY_R5_D0P125_M1P0,,,,,,CAPACITY_R5_D0P125_M1P0,20,2,,,,,5.0,CLARABEL,infeasible,5.0,,B_DENSITY_CAPACITY,False,
,,,,,,2.0,nan,,,,3.339710638841059,,0.125,,,,,,,,,nan,False,False,,nan,CAPACITY_R5_D0P125_M2P0,,,,,,CAPACITY_R5_D0P125_M2P0,20,2,,,,,5.0,CLARABEL,infeasible,5.0,,B_DENSITY_CAPACITY,False,
0.07395602843533546,0.19254069265495008,0.999999999783534,,42.856027300876896,4.973928619922928e-16,4.0,42.85602730087692,nan,nan,0.999999999957203,6.679421277682118,True,0.125,2.0236874495022374,8.287629256526104,0.33875000000000005,8.09474979800895,1.135768855965201,1.465108766711796,0.05625000000000001,4.543075423860804,0.5504846759038319,True,True,0.25,9.852104767995359,CAPACITY_R5_D0P125_M4P0,0.07459357794604664,0.09023254743319266,7.739919816174279e-13,3.1419746804317583e-09,6.679421279451956,CAPACITY_R5_D0P125_M4P0,20,2,,1.0540167558249056,1.3091439522188408,,5.0,CLARABEL,optimal,5.0,-2.1016512328039665e-14,B_DENSITY_CAPACITY,False,
0.06975761636786058,0.17409905814165558,0.9999999999871831,,34.32928617915495,1.2418715589691705e-15,8.0,34.32928617915499,nan,nan,0.9999999999984267,13.358842555364236,True,0.125,1.6965859159286656,4.883459296754304,0.18000000000000002,6.786343663714662,0.9729205391790279,0.9209416518393942,0.036250000000000004,3.8916821567161115,0.6872145892032556,True,True,0.25,12.299180026780903,CAPACITY_R5_D0P125_M8P0,0.18624240550316917,0.12825096352897222,2.1266231586187102e-13,1.7772805449567386e-10,13.358842554600662,CAPACITY_R5_D0P125_M8P0,20,2,,1.0540167558249056,1.162562475543362,,5.0,CLARABEL,optimal,5.0,-4.334733119301226e-14,B_DENSITY_CAPACITY,False,
0.08430164876762887,0.20473257620520174,0.999999999895328,,32.964334887877314,6.466468122383409e-16,16.0,32.964334887877335,nan,nan,0.9999999993164876,26.71768511072847,True,0.125,1.3079633708113674,2.2376221145842297,0.09250000000000001,5.2318534832454695,0.7811614935139889,0.47667511634587356,0.018750000000000003,3.1246459740559556,0.7156700227531309,True,True,0.25,12.808451083403515,CAPACITY_R5_D0P125_M16P0,0.3879082482831853,0.21277661957263275,4.059510918814552e-13,1.3864145387287863e-09,26.717684520063255,CAPACITY_R5_D0P125_M16P0,20,2,,4.939581988914307,1.162562475543362,,5.0,CLARABEL,optimal,5.0,-9.901598045969238e-15,B_DENSITY_CAPACITY,False,
0.08424086272602703,0.20458495314081807,0.9999999999476896,,32.95475466695212,4.312231985587507e-16,nan,32.954754666952105,nan,nan,0.9999999947904745,nan,False,0.125,1.2881810257784694,2.1376209335176086,0.07875000000000001,5.1527241031138775,0.7811614960052654,0.4766751209065037,0.018750000000000003,3.1246459840210616,0.7158780739735642,True,True,0.25,12.812174606528755,CAPACITY_R5_D0P125_UNCAPPED,0.40168904763198143,0.21277661856039423,2.8424174529710366e-14,2.4560264932915743e-10,27.658814330342196,GENERALIZED_006B_POSITIVE_CONTROL,20,2,,4.939581988914307,1.162562475543362,,5.0,CLARABEL,optimal,5.0,1.9308027058453656e-14,B_DENSITY_CAPACITY,True,
,,,,,,3.0,nan,,,,5.009565958261589,,0.125,,,,,,,,,nan,False,False,,nan,CAPACITY_BISECT_0_3P0,,,,,,CAPACITY_BISECT_0_3P0,20,2,,,,,5.0,CLARABEL,infeasible,5.0,,B_DENSITY_BISECTION,False,
,,,,,,3.5,nan,,,,5.844493617971853,,0.125,,,,,,,,,nan,False,False,,nan,CAPACITY_BISECT_1_3P5,,,,,,CAPACITY_BISECT_1_3P5,20,2,,,,,5.0,CLARABEL,infeasible,5.0,,B_DENSITY_BISECTION,False,
0.07286615770374431,0.20309858886242438,0.9999999999476672,,48.17859302182228,2.9496201162963093e-16,3.75,48.178593021822294,nan,nan,0.9999999999943138,6.261957447826985,True,0.125,2.0809465154038103,9.011202603939505,0.42750000000000005,8.323786061615241,1.1832182328185057,1.6565118993203296,0.07375000000000001,4.732872931274023,0.48966947392098575,True,True,0.25,8.763686202232286,CAPACITY_BISECT_2_3P75,0.062205747533754734,0.08385542297151735,1.1315948178491908e-13,7.487637176950557e-10,6.26195744835516,CAPACITY_BISECT_2_3P75,20,2,,1.0540167558249056,1.3091439522188408,,5.0,CLARABEL,optimal,5.0,-1.5572445358230956e-14,B_DENSITY_BISECTION,False,
,,,,,,3.625,nan,,,,6.053225532899419,,0.125,,,,,,,,,nan,False,False,,nan,CAPACITY_BISECT_3_3P625,,,,,,CAPACITY_BISECT_3_3P625,20,2,,,,,5.0,CLARABEL,infeasible,5.0,,B_DENSITY_BISECTION,False,
,,,,,,1.0,nan,,,,1.6698553194205294,,0.125,,,,,,,,,nan,False,False,,nan,BASECAP_R3P353682_D0P125,,,,,,BASECAP_R3P353682_D0P125,12,2,,,,,3.353681771042527,CLARABEL,infeasible,3.353681771042527,,C_BASECAP_GEOMETRY,False,
,,,,,,1.0,nan,,,,1.6698553194205294,,0.25,,,,,,,,,nan,False,False,,nan,BASECAP_R3P353682_D0P25,,,,,,BASECAP_R3P353682_D0P25,12,2,,,,,3.353681771042527,CLARABEL,infeasible,3.353681771042527,,C_BASECAP_GEOMETRY,False,
,,,,,,1.0,nan,,,,1.6698553194205294,,0.5,,,,,,,,,nan,False,False,,nan,BASECAP_R3P353682_D0P5,,,,,,BASECAP_R3P353682_D0P5,12,3,,,,,3.353681771042527,CLARABEL,infeasible,3.353681771042527,,C_BASECAP_GEOMETRY,False,
,,,,,,1.0,nan,,,,1.6698553194205294,,1.0,,,,,,,,,nan,False,False,,nan,BASECAP_R3P353682_D1P0,,,,,,BASECAP_R3P353682_D1P0,12,4,,,,,3.353681771042527,CLARABEL,infeasible,3.353681771042527,,C_BASECAP_GEOMETRY,False,
,,,,,,1.0,nan,,,,1.6698553194205294,,0.125,,,,,,,,,nan,False,False,,nan,BASECAP_R4P0_D0P125,,,,,,BASECAP_R4P0_D0P125,12,2,,,,,4.0,CLARABEL,infeasible,4.0,,C_BASECAP_GEOMETRY,False,
,,,,,,1.0,nan,,,,1.6698553194205294,,0.25,,,,,,,,,nan,False,False,,nan,BASECAP_R4P0_D0P25,,,,,,BASECAP_R4P0_D0P25,12,2,,,,,4.0,CLARABEL,infeasible,4.0,,C_BASECAP_GEOMETRY,False,
,,,,,,1.0,nan,,,,1.6698553194205294,,0.5,,,,,,,,,nan,False,False,,nan,BASECAP_R4P0_D0P5,,,,,,BASECAP_R4P0_D0P5,12,3,,,,,4.0,CLARABEL,infeasible,4.0,,C_BASECAP_GEOMETRY,False,
,,,,,,1.0,nan,,,,1.6698553194205294,,1.0,,,,,,,,,nan,False,False,,nan,BASECAP_R4P0_D1P0,,,,,,BASECAP_R4P0_D1P0,12,4,,,,,4.0,CLARABEL,infeasible,4.0,,C_BASECAP_GEOMETRY,False,
,,,,,,1.0,nan,,,,1.6698553194205294,,0.125,,,,,,,,,nan,False,False,,nan,BASECAP_R4P701437_D0P125,,,,,,BASECAP_R4P701437_D0P125,12,2,,,,,4.7014374053,CLARABEL,infeasible,4.7014374053,,C_BASECAP_GEOMETRY,False,
,,,,,,1.0,nan,,,,1.6698553194205294,,0.25,,,,,,,,,nan,False,False,,nan,BASECAP_R4P701437_D0P25,,,,,,BASECAP_R4P701437_D0P25,12,2,,,,,4.7014374053,CLARABEL,infeasible,4.7014374053,,C_BASECAP_GEOMETRY,False,
,,,,,,1.0,nan,,,,1.6698553194205294,,0.5,,,,,,,,,nan,False,False,,nan,BASECAP_R4P701437_D0P5,,,,,,BASECAP_R4P701437_D0P5,12,3,,,,,4.7014374053,CLARABEL,infeasible,4.7014374053,,C_BASECAP_GEOMETRY,False,
,,,,,,1.0,nan,,,,1.6698553194205294,,1.0,,,,,,,,,nan,False,False,,nan,BASECAP_R4P701437_D1P0,,,,,,BASECAP_R4P701437_D1P0,12,4,,,,,4.7014374053,CLARABEL,infeasible,4.7014374053,,C_BASECAP_GEOMETRY,False,
,,,,,,1.0,nan,,,,1.6698553194205294,,0.125,,,,,,,,,nan,False,False,,nan,BASECAP_R5P0_D0P125,,,,,,BASECAP_R5P0_D0P125,12,2,,,,,5.0,CLARABEL,infeasible,5.0,,C_BASECAP_GEOMETRY,False,
,,,,,,1.0,nan,,,,1.6698553194205294,,0.25,,,,,,,,,nan,False,False,,nan,BASECAP_R5P0_D0P25,,,,,,BASECAP_R5P0_D0P25,12,2,,,,,5.0,CLARABEL,infeasible,5.0,,C_BASECAP_GEOMETRY,False,
,,,,,,1.0,nan,,,,1.6698553194205294,,0.5,,,,,,,,,nan,False,False,,nan,BASECAP_R5P0_D0P5,,,,,,BASECAP_R5P0_D0P5,12,3,,,,,5.0,CLARABEL,infeasible,5.0,,C_BASECAP_GEOMETRY,False,
,,,,,,1.0,nan,,,,1.6698553194205294,,1.0,,,,,,,,,nan,False,False,,nan,BASECAP_R5P0_D1P0,,,,,,BASECAP_R5P0_D1P0,12,4,,,,,5.0,CLARABEL,infeasible,5.0,,C_BASECAP_GEOMETRY,False,
,,,,,,1.0,nan,,,,1.6698553194205294,,0.125,,,,,,,,,nan,False,False,,nan,BASECAP_R6P0_D0P125,,,,,,BASECAP_R6P0_D0P125,12,2,,,,,6.0,CLARABEL,infeasible,6.0,,C_BASECAP_GEOMETRY,False,
,,,,,,1.0,nan,,,,1.6698553194205294,,0.25,,,,,,,,,nan,False,False,,nan,BASECAP_R6P0_D0P25,,,,,,BASECAP_R6P0_D0P25,12,2,,,,,6.0,CLARABEL,infeasible,6.0,,C_BASECAP_GEOMETRY,False,
,,,,,,1.0,nan,,,,1.6698553194205294,,0.5,,,,,,,,,nan,False,False,,nan,BASECAP_R6P0_D0P5,,,,,,BASECAP_R6P0_D0P5,12,3,,,,,6.0,CLARABEL,infeasible,6.0,,C_BASECAP_GEOMETRY,False,
0.05977423975481417,0.21082253101315676,0.9999999999053186,,68.8279781303023,2.064691583457326e-16,1.0,68.82797813030228,nan,nan,0.9999999999979183,1.6698553194205294,True,1.0,3.7437267141218142,52.470163238936166,0.19965277777777782,7.4874534282436285,1.7972937329551035,5.805734613462347,0.02430555555555556,3.594587465910207,0.3427615766162182,True,True,0.5,6.134454074896336,BASECAP_R6P0_D1P0,0.10956492817385165,0.18528233523788587,5.619108444208918e-14,3.23517879152746e-10,1.6698553195313393,BASECAP_R6P0_D1P0,12,4,,2.4722776138822042,1.3087828674939368,,6.0,CLARABEL,optimal,6.0,3.406996906818449e-15,C_BASECAP_GEOMETRY,False,
0.06837361051632265,0.16294269930096061,0.9999999996986598,,49.9354229553167,2.2766771761069334e-15,1.0,49.93542295531682,nan,nan,0.9999999999887876,1.6698553194205294,True,1.0,3.3914488688911066,39.008191990670184,0.15722656249999997,9.043863650376284,1.629364378793414,4.325682629421881,0.015624999999999998,4.344971676782437,0.4724419040239072,True,True,0.375,8.455361863783976,REFINE_N16_R6P000000_D1P000000,0.11449439371683409,0.16520083161096547,1.839563440811376e-12,1.2514047575962195e-09,1.669855320121952,REFINE_N16_R6P000000_D1P000000,16,4,,2.3060694053465034,1.4211229534274383,,6.0,CLARABEL,optimal,6.0,-1.1818324097134791e-13,D_REFINEMENT,False,
0.05731667072477836,0.1643926813161388,0.9999999988817138,,39.93001766294481,1.7260860225636456e-14,1.0,39.9300176629455,nan,nan,0.99999999996449,1.6698553194205294,True,1.0,3.144559218059816,31.09419610245871,0.10763888888888888,12.578236872239264,1.5162580210223675,3.4859353938879334,0.010850694444444446,6.06503208408947,0.5908233374297167,True,True,0.25,10.574051693949661,REFINE_N24_R6P000000_D1P000000,0.0964821772669587,0.12869928144286738,5.605236974828071e-12,6.45477804539496e-09,1.6698553234503746,REFINE_N24_R6P000000_D1P000000,24,4,,2.1433080997619283,1.381920420568863,,6.0,CLARABEL,optimal,6.0,-6.823118459120536e-13,D_REFINEMENT,False,
0.059774219890309406,0.21082250234211516,1.0000000231190485,,68.8279889794442,6.876660703868864e-12,1.0,68.8279889799175,nan,nan,1.0,1.6698553194205294,True,1.0,3.7437273364827317,52.47018940701961,0.18750000000000003,7.487454672965463,1.7972942721288785,5.805739838486054,0.02430555555555556,3.594588544257757,0.3427615225854195,True,True,0.5,6.134453107899228,SELECTED_N12_SCS,0.10956491369021715,0.18528220366436163,1.3209116696277778e-08,1.1148924392578863e-06,1.6698556684459556,SELECTED_N12_SCS,12,4,,2.0371157613315956,1.3087828674939368,,6.0,SCS,optimal,6.0,-4.73306213666369e-10,D_SOLVER_CROSSCHECK,False,
