stage,family,p,q,positive_cases,best_C,beats_006D,beats_024D_scalar
POINT_BOUND,IDEAL_KERNEL_ADAPTIVE_DEC_FLOOR,1,0,0,inf,False,False
POINT_BOUND,IDEAL_KERNEL_ADAPTIVE_DEC_FLOOR,0,1,55705,2.0612038056417914,True,True
POINT_BOUND,IDEAL_KERNEL_ADAPTIVE_DEC_FLOOR,1,1,57390,1.8792207297325796,True,True
POINT_BOUND,IDEAL_KERNEL_ADAPTIVE_DEC_FLOOR,2,1,57651,1.7759473822991498,True,True
POINT_BOUND,IDEAL_KERNEL_ADAPTIVE_DEC_FLOOR,3,1,57774,1.8412961722362302,True,True
POINT_BOUND,IDEAL_KERNEL_ADAPTIVE_DEC_FLOOR,1,2,56830,1.9801956572990376,True,True
POINT_BOUND,IDEAL_KERNEL_ADAPTIVE_DEC_FLOOR,2,3,57054,1.9515399990169686,True,True
POINT_BOUND,IDEAL_KERNEL_ADAPTIVE_DEC_FLOOR,3,2,57594,1.8658358688085692,True,True
POINT_BOUND,IDEAL_KERNEL_ADAPTIVE_DEC_FLOOR,5,2,57729,1.785004804824441,True,True
POINT_BOUND,IDEAL_KERNEL_ADAPTIVE_DEC_FLOOR,5,3,57614,1.865827508433138,True,True
POINT_BOUND,SCALAR_DEC_FLOOR_NO_SPIN,1,0,0,inf,False,False
POINT_BOUND,SCALAR_DEC_FLOOR_NO_SPIN,0,1,26599,3.0413563855556536,True,True
POINT_BOUND,SCALAR_DEC_FLOOR_NO_SPIN,1,1,29920,3.1703927226025654,True,True
POINT_BOUND,SCALAR_DEC_FLOOR_NO_SPIN,2,1,30933,3.613783096121852,True,True
POINT_BOUND,SCALAR_DEC_FLOOR_NO_SPIN,3,1,31366,2.7046926877849233,True,True
POINT_BOUND,SCALAR_DEC_FLOOR_NO_SPIN,1,2,28617,2.777269329601812,True,True
POINT_BOUND,SCALAR_DEC_FLOOR_NO_SPIN,2,3,29075,3.638358446279828,True,True
POINT_BOUND,SCALAR_DEC_FLOOR_NO_SPIN,3,2,30654,3.6924768253858455,True,True
POINT_BOUND,SCALAR_DEC_FLOOR_NO_SPIN,5,2,31139,2.6674068115066523,True,True
POINT_BOUND,SCALAR_DEC_FLOOR_NO_SPIN,5,3,30715,2.9678426911841163,True,True
POINT_BOUND,SCALAR_CURVATURE_PROXY_NO_SPIN,1,0,0,inf,False,False
POINT_BOUND,SCALAR_CURVATURE_PROXY_NO_SPIN,0,1,21555,3.4289176655088305,True,True
POINT_BOUND,SCALAR_CURVATURE_PROXY_NO_SPIN,1,1,23736,3.7660395006657468,True,True
POINT_BOUND,SCALAR_CURVATURE_PROXY_NO_SPIN,2,1,20397,4.05780486588417,True,True
POINT_BOUND,SCALAR_CURVATURE_PROXY_NO_SPIN,3,1,17653,2.867155404693951,True,True
POINT_BOUND,SCALAR_CURVATURE_PROXY_NO_SPIN,1,2,17692,3.2358758812593327,True,True
POINT_BOUND,SCALAR_CURVATURE_PROXY_NO_SPIN,2,3,14479,3.7056816887973105,True,True
POINT_BOUND,SCALAR_CURVATURE_PROXY_NO_SPIN,3,2,16186,3.8876180235105062,True,True
POINT_BOUND,SCALAR_CURVATURE_PROXY_NO_SPIN,5,2,13378,2.7280777314655804,True,True
POINT_BOUND,SCALAR_CURVATURE_PROXY_NO_SPIN,5,3,12504,3.695814618977183,True,True
POINT_BOUND,KINETIC_DEC_FLOOR_NO_SPIN,1,0,0,inf,False,False
POINT_BOUND,KINETIC_DEC_FLOOR_NO_SPIN,0,1,173,35.27599436766512,False,False
POINT_BOUND,KINETIC_DEC_FLOOR_NO_SPIN,1,1,410,28.40836855983484,False,False
POINT_BOUND,KINETIC_DEC_FLOOR_NO_SPIN,2,1,516,23.110053782491573,True,False
POINT_BOUND,KINETIC_DEC_FLOOR_NO_SPIN,3,1,569,21.2306166478687,True,False
POINT_BOUND,KINETIC_DEC_FLOOR_NO_SPIN,1,2,298,39.74934348492073,False,False
POINT_BOUND,KINETIC_DEC_FLOOR_NO_SPIN,2,3,314,29.46575504679178,False,False
POINT_BOUND,KINETIC_DEC_FLOOR_NO_SPIN,3,2,462,36.44406336365574,False,False
POINT_BOUND,KINETIC_DEC_FLOOR_NO_SPIN,5,2,566,19.77177080403614,True,False
POINT_BOUND,KINETIC_DEC_FLOOR_NO_SPIN,5,3,485,17.463751544986962,True,False
POINT_BOUND,KINETIC_DEC_FLOOR_WITH_SPIN,1,0,0,inf,False,False
POINT_BOUND,KINETIC_DEC_FLOOR_WITH_SPIN,0,1,745,22.969544787663164,True,False
POINT_BOUND,KINETIC_DEC_FLOOR_WITH_SPIN,1,1,1416,21.452055198224627,True,False
POINT_BOUND,KINETIC_DEC_FLOOR_WITH_SPIN,2,1,1713,13.797271903703887,True,False
POINT_BOUND,KINETIC_DEC_FLOOR_WITH_SPIN,3,1,1892,15.591147896167042,True,False
POINT_BOUND,KINETIC_DEC_FLOOR_WITH_SPIN,1,2,1040,23.802344280009674,False,False
POINT_BOUND,KINETIC_DEC_FLOOR_WITH_SPIN,2,3,1160,15.71722846840239,True,False
POINT_BOUND,KINETIC_DEC_FLOOR_WITH_SPIN,3,2,1627,12.77368722856415,True,False
POINT_BOUND,KINETIC_DEC_FLOOR_WITH_SPIN,5,2,1861,12.212335531548002,True,False
POINT_BOUND,KINETIC_DEC_FLOOR_WITH_SPIN,5,3,1680,17.600625078477634,True,False
POINT_BOUND,ELASTIC_CURVATURE_PROXY_WITH_SPIN,1,0,0,inf,False,False
POINT_BOUND,ELASTIC_CURVATURE_PROXY_WITH_SPIN,0,1,9142,4.933611568670036,True,True
POINT_BOUND,ELASTIC_CURVATURE_PROXY_WITH_SPIN,1,1,10770,5.570804932946953,True,True
POINT_BOUND,ELASTIC_CURVATURE_PROXY_WITH_SPIN,2,1,9899,3.7965216708579494,True,True
POINT_BOUND,ELASTIC_CURVATURE_PROXY_WITH_SPIN,3,1,8667,5.217740794600503,True,True
POINT_BOUND,ELASTIC_CURVATURE_PROXY_WITH_SPIN,1,2,8294,5.826659846740994,True,True
POINT_BOUND,ELASTIC_CURVATURE_PROXY_WITH_SPIN,2,3,7300,4.018980784815595,True,True
POINT_BOUND,ELASTIC_CURVATURE_PROXY_WITH_SPIN,3,2,8211,5.898530522027944,True,True
POINT_BOUND,ELASTIC_CURVATURE_PROXY_WITH_SPIN,5,2,6949,4.189760814764996,True,True
POINT_BOUND,ELASTIC_CURVATURE_PROXY_WITH_SPIN,5,3,6701,5.601172529115695,True,True
HIGH_CONTIGUOUS,IDEAL_KERNEL_ADAPTIVE_DEC_FLOOR,1,0,0,inf,False,False
HIGH_CONTIGUOUS,IDEAL_KERNEL_ADAPTIVE_DEC_FLOOR,0,1,3,8.517759134064704,True,False
HIGH_CONTIGUOUS,IDEAL_KERNEL_ADAPTIVE_DEC_FLOOR,1,1,3,11.843556473804155,True,False
HIGH_CONTIGUOUS,IDEAL_KERNEL_ADAPTIVE_DEC_FLOOR,2,1,2,16.033766737245546,True,False
HIGH_CONTIGUOUS,IDEAL_KERNEL_ADAPTIVE_DEC_FLOOR,3,1,1,20.922846288337173,True,False
HIGH_CONTIGUOUS,IDEAL_KERNEL_ADAPTIVE_DEC_FLOOR,1,2,0,inf,False,False
HIGH_CONTIGUOUS,IDEAL_KERNEL_ADAPTIVE_DEC_FLOOR,2,3,0,inf,False,False
HIGH_CONTIGUOUS,IDEAL_KERNEL_ADAPTIVE_DEC_FLOOR,3,2,0,inf,False,False
HIGH_CONTIGUOUS,IDEAL_KERNEL_ADAPTIVE_DEC_FLOOR,5,2,0,inf,False,False
HIGH_CONTIGUOUS,IDEAL_KERNEL_ADAPTIVE_DEC_FLOOR,5,3,0,inf,False,False
HIGH_CONTIGUOUS,SCALAR_DEC_FLOOR_NO_SPIN,1,0,0,inf,False,False
HIGH_CONTIGUOUS,SCALAR_DEC_FLOOR_NO_SPIN,0,1,3,19.04617807598028,True,False
HIGH_CONTIGUOUS,SCALAR_DEC_FLOOR_NO_SPIN,1,1,1,263.3061022046191,False,False
HIGH_CONTIGUOUS,SCALAR_DEC_FLOOR_NO_SPIN,2,1,1,49.61983202318112,False,False
HIGH_CONTIGUOUS,SCALAR_DEC_FLOOR_NO_SPIN,3,1,1,117.61697986483392,False,False
HIGH_CONTIGUOUS,SCALAR_DEC_FLOOR_NO_SPIN,1,2,0,inf,False,False
HIGH_CONTIGUOUS,SCALAR_DEC_FLOOR_NO_SPIN,2,3,0,inf,False,False
HIGH_CONTIGUOUS,SCALAR_DEC_FLOOR_NO_SPIN,3,2,0,inf,False,False
HIGH_CONTIGUOUS,SCALAR_DEC_FLOOR_NO_SPIN,5,2,0,inf,False,False
HIGH_CONTIGUOUS,SCALAR_DEC_FLOOR_NO_SPIN,5,3,0,inf,False,False
HIGH_CONTIGUOUS,SCALAR_CURVATURE_PROXY_NO_SPIN,1,0,0,inf,False,False
HIGH_CONTIGUOUS,SCALAR_CURVATURE_PROXY_NO_SPIN,0,1,4,19.426118914324988,True,False
HIGH_CONTIGUOUS,SCALAR_CURVATURE_PROXY_NO_SPIN,1,1,1,1510.522594448215,False,False
HIGH_CONTIGUOUS,SCALAR_CURVATURE_PROXY_NO_SPIN,2,1,2,57.806483155445264,False,False
HIGH_CONTIGUOUS,SCALAR_CURVATURE_PROXY_NO_SPIN,3,1,1,80.48085434568029,False,False
HIGH_CONTIGUOUS,SCALAR_CURVATURE_PROXY_NO_SPIN,1,2,0,inf,False,False
HIGH_CONTIGUOUS,SCALAR_CURVATURE_PROXY_NO_SPIN,2,3,0,inf,False,False
HIGH_CONTIGUOUS,SCALAR_CURVATURE_PROXY_NO_SPIN,3,2,0,inf,False,False
HIGH_CONTIGUOUS,SCALAR_CURVATURE_PROXY_NO_SPIN,5,2,0,inf,False,False
HIGH_CONTIGUOUS,SCALAR_CURVATURE_PROXY_NO_SPIN,5,3,0,inf,False,False
HIGH_CONTIGUOUS,KINETIC_DEC_FLOOR_NO_SPIN,1,0,0,inf,False,False
HIGH_CONTIGUOUS,KINETIC_DEC_FLOOR_NO_SPIN,0,1,0,inf,False,False
HIGH_CONTIGUOUS,KINETIC_DEC_FLOOR_NO_SPIN,1,1,0,inf,False,False
HIGH_CONTIGUOUS,KINETIC_DEC_FLOOR_NO_SPIN,2,1,0,inf,False,False
HIGH_CONTIGUOUS,KINETIC_DEC_FLOOR_NO_SPIN,3,1,0,inf,False,False
HIGH_CONTIGUOUS,KINETIC_DEC_FLOOR_NO_SPIN,1,2,0,inf,False,False
HIGH_CONTIGUOUS,KINETIC_DEC_FLOOR_NO_SPIN,2,3,0,inf,False,False
HIGH_CONTIGUOUS,KINETIC_DEC_FLOOR_NO_SPIN,3,2,0,inf,False,False
HIGH_CONTIGUOUS,KINETIC_DEC_FLOOR_NO_SPIN,5,2,0,inf,False,False
HIGH_CONTIGUOUS,KINETIC_DEC_FLOOR_NO_SPIN,5,3,0,inf,False,False
HIGH_CONTIGUOUS,KINETIC_DEC_FLOOR_WITH_SPIN,1,0,0,inf,False,False
HIGH_CONTIGUOUS,KINETIC_DEC_FLOOR_WITH_SPIN,0,1,0,inf,False,False
HIGH_CONTIGUOUS,KINETIC_DEC_FLOOR_WITH_SPIN,1,1,0,inf,False,False
HIGH_CONTIGUOUS,KINETIC_DEC_FLOOR_WITH_SPIN,2,1,0,inf,False,False
HIGH_CONTIGUOUS,KINETIC_DEC_FLOOR_WITH_SPIN,3,1,0,inf,False,False
HIGH_CONTIGUOUS,KINETIC_DEC_FLOOR_WITH_SPIN,1,2,0,inf,False,False
HIGH_CONTIGUOUS,KINETIC_DEC_FLOOR_WITH_SPIN,2,3,0,inf,False,False
HIGH_CONTIGUOUS,KINETIC_DEC_FLOOR_WITH_SPIN,3,2,0,inf,False,False
HIGH_CONTIGUOUS,KINETIC_DEC_FLOOR_WITH_SPIN,5,2,0,inf,False,False
HIGH_CONTIGUOUS,KINETIC_DEC_FLOOR_WITH_SPIN,5,3,0,inf,False,False
HIGH_CONTIGUOUS,ELASTIC_CURVATURE_PROXY_WITH_SPIN,1,0,0,inf,False,False
HIGH_CONTIGUOUS,ELASTIC_CURVATURE_PROXY_WITH_SPIN,0,1,2,77.63948290137856,False,False
HIGH_CONTIGUOUS,ELASTIC_CURVATURE_PROXY_WITH_SPIN,1,1,0,inf,False,False
HIGH_CONTIGUOUS,ELASTIC_CURVATURE_PROXY_WITH_SPIN,2,1,0,inf,False,False
HIGH_CONTIGUOUS,ELASTIC_CURVATURE_PROXY_WITH_SPIN,3,1,0,inf,False,False
HIGH_CONTIGUOUS,ELASTIC_CURVATURE_PROXY_WITH_SPIN,1,2,0,inf,False,False
HIGH_CONTIGUOUS,ELASTIC_CURVATURE_PROXY_WITH_SPIN,2,3,0,inf,False,False
HIGH_CONTIGUOUS,ELASTIC_CURVATURE_PROXY_WITH_SPIN,3,2,0,inf,False,False
HIGH_CONTIGUOUS,ELASTIC_CURVATURE_PROXY_WITH_SPIN,5,2,0,inf,False,False
HIGH_CONTIGUOUS,ELASTIC_CURVATURE_PROXY_WITH_SPIN,5,3,0,inf,False,False
