mode,beta,f,reset_duty,A,C
UNRESTRICTED_CONVERSION,0.05,0.9429149525240064,0.302287636525826,0.1560129294998403,6.475236081326344
HEADON_KINETIC_LIMITED,0.05,0.0012507822280910519,0.0006397892922444468,-0.18691448945262445,inf
UNRESTRICTED_CONVERSION,0.053970711297071136,0.9429149525240064,0.302287636525826,0.1559815705336539,6.479777601491276
HEADON_KINETIC_LIMITED,0.053970711297071136,0.0014574809643366216,0.0006397892922444468,-0.1869236989236296,inf
UNRESTRICTED_CONVERSION,0.05794142259414226,0.9429149525240064,0.302287636525826,0.15594781632750526,6.484668050132703
HEADON_KINETIC_LIMITED,0.05794142259414226,0.001680015452076078,0.0006397892922444468,-0.18693356427902041,inf
UNRESTRICTED_CONVERSION,0.06191213389121339,0.9429149525240064,0.3024081100285954,0.15589248784727255,6.490706315205521
HEADON_KINETIC_LIMITED,0.06191213389121339,0.0019183962836323287,0.0006397892922444468,-0.186944074998535,inf
UNRESTRICTED_CONVERSION,0.06588284518828452,0.9429149525240064,0.30252858353136486,0.1558347706234787,6.4970961419455175
HEADON_KINETIC_LIMITED,0.06588284518828452,0.0021726348160736597,0.0008957049155382465,-0.18699177929699945,inf
UNRESTRICTED_CONVERSION,0.06985355648535566,0.9429149525240064,0.30264904814339644,0.15577466285396233,6.503838290331405
HEADON_KINETIC_LIMITED,0.06985355648535566,0.002442743173933337,0.0008957049155382465,-0.18700353958144686,inf
UNRESTRICTED_CONVERSION,0.07382426778242679,0.9429149525240064,0.30276951275542807,0.15571216755289816,6.510933352859963
HEADON_KINETIC_LIMITED,0.07382426778242679,0.0027287342521150615,0.0008957049155382465,-0.18701590874221158,inf
UNRESTRICTED_CONVERSION,0.07779497907949791,0.9429149525240064,0.3030104242046578,0.1556281132649304,6.519185065048579
HEADON_KINETIC_LIMITED,0.07779497907949791,0.0030306217189915996,0.0011516204452282962,-0.18706541183092368,inf
UNRESTRICTED_CONVERSION,0.08176569037656904,0.9429149525240064,0.3030104242046578,0.15558001195565388,6.526185361258966
HEADON_KINETIC_LIMITED,0.08176569037656904,0.0033484200196925995,0.0011516204452282962,-0.1870789495824102,inf
UNRESTRICTED_CONVERSION,0.08573640167364018,0.9429149525240064,0.30313087104519854,0.15551035286763074,6.534343861494615
HEADON_KINETIC_LIMITED,0.08573640167364018,0.003682144379587915,0.001407535854570995,-0.1871295756270203,inf
UNRESTRICTED_CONVERSION,0.0897071129707113,0.9429149525240064,0.3034921938054014,0.15539998525302298,6.5444719279249925
HEADON_KINETIC_LIMITED,0.0897071129707113,0.004031810807965552,0.001407535854570995,-0.1871442200834481,inf
UNRESTRICTED_CONVERSION,0.09367782426778243,0.9429149525240064,0.3034921938054014,0.15534472051040651,6.552537849189416
HEADON_KINETIC_LIMITED,0.09367782426778243,0.004397436101907903,0.0016634511168229869,-0.18719590258294466,inf
UNRESTRICTED_CONVERSION,0.09764853556485356,0.9429149525240064,0.3036126228879087,0.15526790794094666,6.5617685737765505
HEADON_KINETIC_LIMITED,0.09764853556485356,0.004779037850367929,0.0016634511168229869,-0.18721158569387808,inf
UNRESTRICTED_CONVERSION,0.1016192468619247,0.9429149525240064,0.30385347217900704,0.15516956031923643,6.572169135947308
HEADON_KINETIC_LIMITED,0.1016192468619247,0.00517663443844707,0.001919366205241216,-0.18726425196029597,inf
UNRESTRICTED_CONVERSION,0.10558995815899583,0.9429149525240064,0.30397389238759814,0.15508798502776963,6.582119882532505
HEADON_KINETIC_LIMITED,0.10558995815899583,0.005590245051879217,0.001919366205241216,-0.18728089946493134,inf
UNRESTRICTED_CONVERSION,0.10956066945606695,0.9429149525240064,0.30421471506380654,0.15498488197582713,6.593245803652455
HEADON_KINETIC_LIMITED,0.10956066945606695,0.006019889681720847,0.002175281093082981,-0.1873344705753862,inf
UNRESTRICTED_CONVERSION,0.11353138075313808,0.9429149525240064,0.30433511753487474,0.15489854475655968,6.603920879610471
HEADON_KINETIC_LIMITED,0.11353138075313808,0.006465589129251215,0.002175281093082981,-0.18735200195230853,inf
UNRESTRICTED_CONVERSION,0.11750209205020921,0.9429149525240064,0.3046963072209523,0.15477155331612547,6.616594726349982
HEADON_KINETIC_LIMITED,0.11750209205020921,0.006927365011086262,0.0024311957536059903,-0.1874063926964492,inf
UNRESTRICTED_CONVERSION,0.12147280334728035,0.9429149525240064,0.3046963072209523,0.15469959682145995,6.627180499144792
HEADON_KINETIC_LIMITED,0.12147280334728035,0.0074052397645084644,0.0024311957536059903,-0.1874247211087523,inf
UNRESTRICTED_CONVERSION,0.12544351464435147,0.9429149525240064,0.304937076715823,0.15458699499333228,6.639771071584673
HEADON_KINETIC_LIMITED,0.12544351464435147,0.007899236653013952,0.0026871101600684146,-0.18747983993151812,inf
UNRESTRICTED_CONVERSION,0.1294142259414226,0.9429149525240064,0.30517782849758646,0.15447202300720808,6.652731943376512
HEADON_KINETIC_LIMITED,0.1294142259414226,0.008409379772084336,0.002943024285728944,-0.18753528029117522,inf
UNRESTRICTED_CONVERSION,0.13338493723849373,0.9429149525240064,0.30541856257331756,0.15435468207026617,6.666064486898294
HEADON_KINETIC_LIMITED,0.13338493723849373,0.008935694055182353,0.002943024285728944,-0.18755462110673368,inf
UNRESTRICTED_CONVERSION,0.13735564853556487,0.9429149525240064,0.3055389207617259,0.154254087754734,6.6789423900982765
HEADON_KINETIC_LIMITED,0.13735564853556487,0.009478205279977558,0.0031989381038468414,-0.1876106397946534,inf
UNRESTRICTED_CONVERSION,0.14132635983263597,0.9429149525240064,0.3058999776351976,0.1541128981741863,6.693850268781077
HEADON_KINETIC_LIMITED,0.14132635983263597,0.01003694007480449,0.0034548515876819956,-0.18766690092320373,inf
UNRESTRICTED_CONVERSION,0.14529707112970713,0.9429149525240064,0.30602031813545494,0.15400756253469405,6.707474266057517
HEADON_KINETIC_LIMITED,0.14529707112970713,0.010611925925358312,0.0034548515876819956,-0.1876870214517935,inf
UNRESTRICTED_CONVERSION,0.14926778242677824,0.9429149525240064,0.30638132195892587,0.15386165296870158,6.72314016152449
HEADON_KINETIC_LIMITED,0.14926778242677824,0.011203191181630046,0.003710764710494979,-0.1877436965113682,inf
UNRESTRICTED_CONVERSION,0.1532384937238494,0.9429149525240064,0.3066219676121291,0.15373248539617113,6.73835298983503
HEADON_KINETIC_LIMITED,0.1532384937238494,0.011810765065088491,0.003966677445547098,-0.18780052752956053,inf
UNRESTRICTED_CONVERSION,0.1572092050209205,0.9429149525240064,0.3068625956026561,0.1536009561224014,6.753946533301046
HEADON_KINETIC_LIMITED,0.1572092050209205,0.012434677676109285,0.004222589766100454,-0.18785748388685009,inf
UNRESTRICTED_CONVERSION,0.16117991631799164,0.9429149525240064,0.307103205937884,0.1534670663567502,6.7699224373581774
HEADON_KINETIC_LIMITED,0.16117991631799164,0.013074960001659863,0.004478501645417988,-0.18791453412283224,inf
UNRESTRICTED_CONVERSION,0.16515062761506277,0.9429149525240064,0.3073437986252333,0.1533308173088911,6.786282387944744
HEADON_KINETIC_LIMITED,0.16515062761506277,0.013731643923241887,0.004478501645417988,-0.1879353661747953,inf
UNRESTRICTED_CONVERSION,0.16912133891213388,0.9429149525240064,0.3075843736721674,0.15319221018881446,6.803028111907994
HEADON_KINETIC_LIMITED,0.16912133891213388,0.014404762225097234,0.004734413056763547,-0.1879925225757484,inf
UNRESTRICTED_CONVERSION,0.17309205020920504,0.9429149525240064,0.3079452009805266,0.1530321781796901,6.821011179233157
HEADON_KINETIC_LIMITED,0.17309205020920504,0.015094348602682661,0.004990323973401927,-0.188049673756593,inf
UNRESTRICTED_CONVERSION,0.17706276150627615,0.9429149525240064,0.30830599304576173,0.15286980335601139,6.839389200471007
HEADON_KINETIC_LIMITED,0.17706276150627615,0.015800437671418477,0.005246234368598937,-0.1881067848363413,inf
UNRESTRICTED_CONVERSION,0.1810334728033473,0.9429149525240064,0.30854649760653374,0.152724142518055,6.85730852495379
HEADON_KINETIC_LIMITED,0.1810334728033473,0.016523064975715984,0.005502144215621448,-0.18816382006367266,inf
UNRESTRICTED_CONVERSION,0.1850041841004184,0.9429149525240064,0.3087869845648556,0.15257612885010946,6.87562106185636
HEADON_KINETIC_LIMITED,0.1850041841004184,0.01726226699829092,0.00575805348773745,-0.18822074281047663,inf
UNRESTRICTED_CONVERSION,0.18897489539748957,0.9429149525240064,0.3091476798167653,0.1524067198814422,6.895190217188116
HEADON_KINETIC_LIMITED,0.18897489539748957,0.01801808116976622,0.006013962158216106,-0.1882775155651996,inf
UNRESTRICTED_CONVERSION,0.19294560669456068,0.9429149525240064,0.30950833990255866,0.15223497493169408,6.9151625743916245
HEADON_KINETIC_LIMITED,0.19294560669456068,0.018790545878573428,0.006269870200327805,-0.1883340999259887,inf
UNRESTRICTED_CONVERSION,0.19691631799163178,0.9429149525240064,0.309748756528734,0.1520799248702615,6.934672525387959
HEADON_KINETIC_LIMITED,0.19691631799163178,0.019579700481156648,0.006525777587344217,-0.18839045659363124,inf
UNRESTRICTED_CONVERSION,0.20088702928870295,0.9429149525240064,0.31010934634515075,0.1519035032385496,6.955454798171026
HEADON_KINETIC_LIMITED,0.20088702928870295,0.020385585312486465,0.006781684292538348,-0.18844654536428423,inf
UNRESTRICTED_CONVERSION,0.20485774058577405,0.9429149525240064,0.31046990105860883,0.15172475085499992,6.976646964929166
HEADON_KINETIC_LIMITED,0.20485774058577405,0.02120824169689106,0.007037590289184598,-0.18850232512199003,inf
UNRESTRICTED_CONVERSION,0.2088284518828452,0.9429149525240064,0.31083041192342553,0.151543666976166,6.99825148826904
HEADON_KINETIC_LIMITED,0.2088284518828452,0.02204771195921107,0.007293495550558809,-0.18855775383097345,inf
UNRESTRICTED_CONVERSION,0.21279916317991632,0.9429149525240064,0.3111908877335558,0.15136025596558042,7.02027064416956
HEADON_KINETIC_LIMITED,0.21279916317991632,0.022904039436285828,0.007805303760602044,-0.18864884878728158,inf
UNRESTRICTED_CONVERSION,0.21676987447698748,0.9429149525240064,0.3116714579276604,0.15115552037594165,7.0435920963756375
HEADON_KINETIC_LIMITED,0.21676987447698748,0.023777268488778147,0.008061206655830471,-0.1887034247858639,inf
UNRESTRICTED_CONVERSION,0.22074058577405858,0.9429149525240064,0.3119117167725423,0.15098645466098357,7.065562909813112
HEADON_KINETIC_LIMITED,0.22074058577405858,0.024667444513346792,0.008317108708905776,-0.1887575176452096,inf
UNRESTRICTED_CONVERSION,0.2247112970711297,0.9429149525240064,0.31239218199937546,0.15077708610426477,7.089733494317773
HEADON_KINETIC_LIMITED,0.2247112970711297,0.025574613955172798,0.00857300989311185,-0.1888110815687058,inf
UNRESTRICTED_CONVERSION,0.22868200836820085,0.9429149525240064,0.31287257733134777,0.15056541047328556,7.114336659748513
HEADON_KINETIC_LIMITED,0.22868200836820085,0.0264988243208506,0.008828910181734343,-0.18886406979796072,inf
UNRESTRICTED_CONVERSION,0.23265271966527196,0.9429149525240064,0.31311274880781503,0.15038936790868718,7.137574248347055
HEADON_KINETIC_LIMITED,0.23265271966527196,0.027440124191650428,0.009340707965380446,-0.18895238712715345,inf
UNRESTRICTED_CONVERSION,0.23662343096234312,0.9429149525240064,0.3135930394241947,0.15017307172825078,7.1630427860313555
HEADON_KINETIC_LIMITED,0.23662343096234312,0.028398563237162944,0.009596605406984723,-0.18900405709484727,inf
UNRESTRICTED_CONVERSION,0.24059414225941422,0.9429149525240064,0.31407326031564625,0.14995447525805675,7.18895246728688
HEADON_KINETIC_LIMITED,0.24059414225941422,0.029374192229334573,0.00985250184616688,-0.18905500484609974,inf
UNRESTRICTED_CONVERSION,0.24456485355648538,0.9429149525240064,0.31431334463611416,0.14977147158011228,7.213480902443089
HEADON_KINETIC_LIMITED,0.24456485355648538,0.03036706305690351,0.010364291610448294,-0.18914106297773292,inf
UNRESTRICTED_CONVERSION,0.2485355648535565,0.9429149525240064,0.31479346107008976,0.1495482669951723,7.240273158060962
HEADON_KINETIC_LIMITED,0.2485355648535565,0.031377228740247065,0.010620184882144583,-0.1891903893326567,inf
UNRESTRICTED_CONVERSION,0.25250627615062765,0.9429149525240064,0.31527350795335907,0.1493227689147717,7.267515616883194
HEADON_KINETIC_LIMITED,0.25250627615062765,0.03240474344665012,0.010876077044612924,-0.18923883794903507,inf
UNRESTRICTED_CONVERSION,0.25647698744769876,0.9429149525240064,0.31575348535681014,0.14909497973126404,7.295211461770299
HEADON_KINETIC_LIMITED,0.25647698744769876,0.03344966250600634,0.011387857935084346,-0.18932216568644963,inf
UNRESTRICTED_CONVERSION,0.26044769874476986,0.9429149525240064,0.3161134206889801,0.1488838139876577,7.32243367570372
HEADON_KINETIC_LIMITED,0.26044769874476986,0.034512042426963485,0.011643746609702561,-0.18936867149452397,inf
UNRESTRICTED_CONVERSION,0.264418410041841,0.9429149525240064,0.3164733213440814,0.1486703457028054,7.35010667208827
HEADON_KINETIC_LIMITED,0.264418410041841,0.03559194091352347,0.012155520284259957,-0.18944989502925277,inf
UNRESTRICTED_CONVERSION,0.26838912133891213,0.9429149525240064,0.3169531253626171,0.1484356809734283,7.379172834921573
HEADON_KINETIC_LIMITED,0.26838912133891213,0.03668941688211136,0.012411405230828997,-0.1894942330561593,inf
UNRESTRICTED_CONVERSION,0.2723598326359833,0.9429149525240064,0.31743286015483474,0.14819873434621295,7.4087055655042615
HEADON_KINETIC_LIMITED,0.2723598326359833,0.03780453047912391,0.012923171209141743,-0.18957312162338902,inf
UNRESTRICTED_CONVERSION,0.2763305439330544,0.9429149525240064,0.3179125257947012,0.1479595082198332,7.4387083511685494
HEADON_KINETIC_LIMITED,0.2763305439330544,0.03893734309897234,0.013179052187531006,-0.18961505832610492,inf
UNRESTRICTED_CONVERSION,0.28030125523012556,0.9429149525240064,0.31839212235686676,0.14771800499431292,7.469184743249499
HEADON_KINETIC_LIMITED,0.28030125523012556,0.04008791740263207,0.013690809989409795,-0.18969137249377424,inf
UNRESTRICTED_CONVERSION,0.28427196652719666,0.9429149525240064,0.31887164991666417,0.1474742270710355,7.500138358074124
HEADON_KINETIC_LIMITED,0.28427196652719666,0.041256317336713644,0.014202562073634562,-0.1897662932847616,inf
UNRESTRICTED_CONVERSION,0.28824267782426777,0.9429149525240064,0.3193511085501081,0.14722817685275388,7.531572877973989
HEADON_KINETIC_LIMITED,0.28824267782426777,0.04244260815306988,0.01445843590496724,-0.18980415702909909,inf
UNRESTRICTED_CONVERSION,0.29221338912133893,0.9429149525240064,0.3200701674313216,0.14694217283096267,7.565431740351851
HEADON_KINETIC_LIMITED,0.29221338912133893,0.043646856428954384,0.014970179012780563,-0.1898761271942456,inf
UNRESTRICTED_CONVERSION,0.29618410041841003,0.9429149525240064,0.3205494540859197,0.14669160448736915,7.597850028291115
HEADON_KINETIC_LIMITED,0.29618410041841003,0.044869130087746956,0.015481915869770548,-0.18994651017769523,inf
UNRESTRICTED_CONVERSION,0.3001548117154812,0.9429149525240064,0.32102867208558183,0.14643877144473677,7.630760839849319
HEADON_KINETIC_LIMITED,0.3001548117154812,0.04610949842026202,0.01573778188758601,-0.18997972409149144,inf
UNRESTRICTED_CONVERSION,0.3041255230125523,0.9429149525240064,0.32150782150938667,0.1461836761117142,7.6641681338659335
HEADON_KINETIC_LIMITED,0.3041255230125523,0.047368032106657854,0.01624950896864498,-0.19004675953450623,inf
UNRESTRICTED_CONVERSION,0.3080962343096234,0.9429149525240064,0.3219869024370926,0.14592632089837462,7.698075940656764
HEADON_KINETIC_LIMITED,0.3080962343096234,0.04864480323896392,0.01676122926603018,-0.1901120034533372,inf
UNRESTRICTED_CONVERSION,0.31206694560669457,0.9429149525240064,0.3225856552618728,0.1456479135006197,7.733486179875978
HEADON_KINETIC_LIMITED,0.31206694560669457,0.04993988534424387,0.017272942566696828,-0.1901753851949593,inf
UNRESTRICTED_CONVERSION,0.3160376569037657,0.9429149525240064,0.32306458237105046,0.1453860563288254,7.768413142026236
HEADON_KINETIC_LIMITED,0.3160376569037657,0.05125335340841508,0.017784648657657262,-0.19023683287398216,inf
UNRESTRICTED_CONVERSION,0.32000836820083683,0.9429149525240064,0.32366314744472124,0.14510317331340558,7.804862895537417
HEADON_KINETIC_LIMITED,0.32000836820083683,0.05258528390074202,0.01829634732598266,-0.1902962733561336,inf
UNRESTRICTED_CONVERSION,0.32397907949790794,0.9429149525240064,0.32426160180918717,0.14481805933908318,7.841842375644179
HEADON_KINETIC_LIMITED,0.32397907949790794,0.053935754799026236,0.018552193810133497,-0.19031829815527143,inf
UNRESTRICTED_CONVERSION,0.3279497907949791,0.9429149525240064,0.324859954137217,0.14453072019611046,7.879356114068441
HEADON_KINETIC_LIMITED,0.3279497907949791,0.05530484561551319,0.019063880945397876,-0.19037353120897316,inf
UNRESTRICTED_CONVERSION,0.3319205020920502,0.9429149525240064,0.3253385578824417,0.14425990169186018,7.916380214582245
HEADON_KINETIC_LIMITED,0.3319205020920502,0.056692637423537695,0.019575560125974143,-0.190426530378783,inf
UNRESTRICTED_CONVERSION,0.33589121338912137,0.9429149525240064,0.32593671506653216,0.14396810682682185,7.954970532818447
HEADON_KINETIC_LIMITED,0.33589121338912137,0.05809921288493247,0.020087231139153193,-0.19047721736049367,inf
UNRESTRICTED_CONVERSION,0.3398619246861925,0.9429149525240064,0.32653477066136105,0.14367409556652497,7.9941095658552
HEADON_KINETIC_LIMITED,0.3398619246861925,0.05952465627822179,0.020854721879915404,-0.19056071851485204,inf
UNRESTRICTED_CONVERSION,0.3438326359832636,0.9429149525240064,0.32725229538893486,0.14335915457743198,8.034851193766237
HEADON_KINETIC_LIMITED,0.3438326359832636,0.06096905352762705,0.02136637154444107,-0.19060650786072245,inf
UNRESTRICTED_CONVERSION,0.34780334728033474,0.9429149525240064,0.32785011455201374,0.1430607258047074,8.075109913321523
HEADON_KINETIC_LIMITED,0.34780334728033474,0.0624324922329087,0.0218780122976243,-0.19064974161525963,inf
UNRESTRICTED_CONVERSION,0.35177405857740585,0.9429149525240064,0.32844783265205335,0.1427600897945787,8.115932793103726
HEADON_KINETIC_LIMITED,0.35177405857740585,0.0639150617000721,0.02238964392706979,-0.19069033600131996,inf
UNRESTRICTED_CONVERSION,0.355744769874477,0.9429149525240064,0.3290454414488889,0.1424572466361466,8.157325297286798
HEADON_KINETIC_LIMITED,0.355744769874477,0.06541685297296562,0.022901266220456778,-0.19072820582215858,inf
UNRESTRICTED_CONVERSION,0.3597154811715481,0.9429149525240064,0.3298819225701468,0.14211485661263443,8.201447303284779
HEADON_KINETIC_LIMITED,0.3597154811715481,0.0669379588657989,0.02341287896554073,-0.19076326443972355,inf
UNRESTRICTED_CONVERSION,0.3636861924686193,0.9429149525240064,0.33035981843922857,0.14182629665931606,8.242924895550768
HEADON_KINETIC_LIMITED,0.3636861924686193,0.06847847399661322,0.02418027971600594,-0.19083042628897928,inf
UNRESTRICTED_CONVERSION,0.3676569037656904,0.9429149525240064,0.3310765368368995,0.14149821593503975,8.287158295116267
HEADON_KINETIC_LIMITED,0.3676569037656904,0.07003849482173408,0.024691867662278627,-0.1908595614497593,inf
UNRESTRICTED_CONVERSION,0.3716276150627615,0.9429149525240064,0.33179310502688464,0.14116796358919215,8.331998880463852
HEADON_KINETIC_LIMITED,0.3716276150627615,0.0716181196712401,0.025203445318018027,-0.19088561623769623,inf
UNRESTRICTED_CONVERSION,0.37559832635983265,0.9429149525240064,0.3323901285940707,0.14085417251515675,8.376344786000338
HEADON_KINETIC_LIMITED,0.37559832635983265,0.07321744878548087,0.025970792043413408,-0.1909433937353649,inf
UNRESTRICTED_CONVERSION,0.37956903765690375,0.9429149525240064,0.3331064222348104,0.1405195769678165,8.42241014613162
HEADON_KINETIC_LIMITED,0.37956903765690375,0.07483658435268203,0.026482343046033294,-0.19096297191916917,inf
UNRESTRICTED_CONVERSION,0.3835397489539749,0.9429149525240064,0.3339419115424537,0.14016421213417532,8.470225660715888
HEADON_KINETIC_LIMITED,0.3835397489539749,0.07647563054767104,0.027249648799342677,-0.19101400938298946,inf
UNRESTRICTED_CONVERSION,0.387510460251046,0.9429149525240064,0.33441924178036614,0.1398625030422662,8.515292335508866
HEADON_KINETIC_LIMITED,0.387510460251046,0.07813469357176561,0.02776117182595958,-0.19102672630355888,inf
UNRESTRICTED_CONVERSION,0.3914811715481172,0.9429149525240064,0.3351351132535029,0.13952142348225668,8.56324614893091
HEADON_KINETIC_LIMITED,0.3914811715481172,0.07981388169386427,0.02852843462391752,-0.1910706311112032,inf
UNRESTRICTED_CONVERSION,0.3954518828451883,0.9429149525240064,0.33585083636257906,0.13917819318850347,8.611845399877048
HEADON_KINETIC_LIMITED,0.3954518828451883,0.08151330529277923,0.029039928353076783,-0.19107608910675777,inf
UNRESTRICTED_CONVERSION,0.3994225941422594,0.9429149525240064,0.3368049036349656,0.13879568866198103,8.6634137062193
HEADON_KINETIC_LIMITED,0.3994225941422594,0.08323307690085813,0.029807146214611877,-0.1911124554123623,inf
UNRESTRICTED_CONVERSION,0.40339330543933055,0.9429149525240064,0.33752028187578315,0.13844819068563816,8.713342172171515
HEADON_KINETIC_LIMITED,0.40339330543933055,0.08497331124893903,0.03057433616432973,-0.19114487673426295,inf
UNRESTRICTED_CONVERSION,0.40736401673640166,0.9429149525240064,0.33811631588745444,0.13811709319414497,8.762760755494261
HEADON_KINETIC_LIMITED,0.40736401673640166,0.08673412531268598,0.031341497490382494,-0.19117324606457048,inf
UNRESTRICTED_CONVERSION,0.4113347280334728,0.9429149525240064,0.3388314244782667,0.13776530739991652,8.814020383384534
HEADON_KINETIC_LIMITED,0.4113347280334728,0.08851563836035625,0.031852922121089665,-0.19116289950634544,inf
UNRESTRICTED_CONVERSION,0.4153054393305439,0.9429149525240064,0.3396655346166706,0.1373928725890954,8.867155817682624
HEADON_KINETIC_LIMITED,0.4153054393305439,0.0903179720020496,0.0326200341605859,-0.19118287634435988,inf
UNRESTRICTED_CONVERSION,0.4192761506276151,0.9429149525240064,0.34038032603975205,0.13703683704708794,8.919794239747782
HEADON_KINETIC_LIMITED,0.4192761506276151,0.09214125024049613,0.03338711568076601,-0.19119846969004145,inf
UNRESTRICTED_CONVERSION,0.4232468619246862,0.9429149525240064,0.34121406307398605,0.13666018128732124,8.974343197201074
HEADON_KINETIC_LIMITED,0.4232468619246862,0.09398559952343721,0.03415416597177702,-0.19120956518861898,inf
UNRESTRICTED_CONVERSION,0.42721757322175735,0.9429149525240064,0.34204760624537167,0.13628142878097185,9.029615818594507
HEADON_KINETIC_LIMITED,0.42721757322175735,0.09585114879765932,0.03492118432434067,-0.19121604656265787,inf
UNRESTRICTED_CONVERSION,0.43118828451882846,0.9429149525240064,0.3427619130156114,0.1359190530433235,9.084385835471245
HEADON_KINETIC_LIMITED,0.43118828451882846,0.09773802956474453,0.03568817002976652,-0.1912177955755746,inf
UNRESTRICTED_CONVERSION,0.43515899581589956,0.9429149525240064,0.3435950861761935,0.13553610317661993,9.141120813086665
HEADON_KINETIC_LIMITED,0.43515899581589956,0.09964637593859937,0.03645512237996507,-0.19121469199403002,inf
UNRESTRICTED_CONVERSION,0.4391297071129707,0.9429149525240064,0.34442806711227386,0.13515106865400836,9.198604774550864
HEADON_KINETIC_LIMITED,0.4391297071129707,0.10157632470483258,0.037222040667460876,-0.19120661354915885,inf
UNRESTRICTED_CONVERSION,0.44310041841004183,0.9429149525240064,0.34526084842382765,0.1347639503124008,9.256846749797983
HEADON_KINETIC_LIMITED,0.44310041841004183,0.10352801538205014,0.03798892418540563,-0.19119343589659282,inf
UNRESTRICTED_CONVERSION,0.447071129707113,0.9429149525240064,0.3460934386866512,0.1343747555033472,9.315855489983717
HEADON_KINETIC_LIMITED,0.447071129707113,0.10550159028514439,0.03875577222759128,-0.1911750325752315,inf
UNRESTRICTED_CONVERSION,0.4510418410041841,0.9429149525240064,0.346925830562067,0.13398348503562996,9.375640363942887
HEADON_KINETIC_LIMITED,0.4510418410041841,0.1074971945906521,0.03977817987994311,-0.19118541616868173,inf
UNRESTRICTED_CONVERSION,0.45501255230125526,0.9429149525240064,0.3479957685207169,0.13355334109513917,9.438810927488698
HEADON_KINETIC_LIMITED,0.45501255230125526,0.10951497640426455,0.04054494240268735,-0.19115612998493953,inf
UNRESTRICTED_CONVERSION,0.45898326359832636,0.9429149525240064,0.34870888184363746,0.13317635138909364,9.498886892193221
HEADON_KINETIC_LIMITED,0.45898326359832636,0.1115550868305738,0.04131166710043767,-0.19112122524008823,inf
UNRESTRICTED_CONVERSION,0.4629539748953975,0.9429149525240064,0.3496594797153053,0.13276051783144296,9.562391596719026
HEADON_KINETIC_LIMITED,0.4629539748953975,0.11361768004514461,0.04233390664311068,-0.1911145764215203,inf
UNRESTRICTED_CONVERSION,0.46692468619246863,0.9429149525240064,0.3504910454341392,0.13236101737443048,9.62539911815434
HEADON_KINETIC_LIMITED,0.46692468619246863,0.1157029133690054,0.04310054034878341,-0.191067981522656,inf
UNRESTRICTED_CONVERSION,0.47089539748953974,0.9429149525240064,0.35132242395325786,0.1319594654539971,9.689231262344766
HEADON_KINETIC_LIMITED,0.47089539748953974,0.11781094734565623,0.04412265602065562,-0.19104927497743016,inf
UNRESTRICTED_CONVERSION,0.4748661087866109,0.9429149525240064,0.3522723354341143,0.1315375211090103,9.7552586033607
HEADON_KINETIC_LIMITED,0.4748661087866109,0.11994194582069606,0.044889194914424516,-0.1909904279551637,inf
UNRESTRICTED_CONVERSION,0.478836820083682,0.9429149525240064,0.3532219991355483,0.13111355609645722,9.822156667302615
HEADON_KINETIC_LIMITED,0.478836820083682,0.12209607602417705,0.045911181628677175,-0.19095909044052892,inf
UNRESTRICTED_CONVERSION,0.48280753138075316,0.9429149525240064,0.35417141604275953,0.13068757499248587,9.889936685128395
HEADON_KINETIC_LIMITED,0.48280753138075316,0.12427350865580011,0.04667762190023237,-0.19088740955200598,inf
UNRESTRICTED_CONVERSION,0.48677824267782427,0.9429149525240064,0.35512058715101125,0.1302595823798445,9.958610106294778
HEADON_KINETIC_LIMITED,0.48677824267782427,0.12647441797306858,0.04769947458299268,-0.19084284761935022,inf
UNRESTRICTED_CONVERSION,0.49074895397489543,0.9429149525240064,0.35606951346559806,0.12982958284798785,10.028188603779054
HEADON_KINETIC_LIMITED,0.49074895397489543,0.1286989818825265,0.04872124840342229,-0.19079142104891614,inf
UNRESTRICTED_CONVERSION,0.49471966527196654,0.9429149525240064,0.3570181960018125,0.12939758099318432,10.09868407924298
HEADON_KINETIC_LIMITED,0.49471966527196654,0.13094738203420997,0.04974294171171901,-0.1907329731158683,inf
UNRESTRICTED_CONVERSION,0.49869037656903764,0.9429149525240064,0.3579666357849118,0.1289635814186242,10.170108668343634
HEADON_KINETIC_LIMITED,0.49869037656903764,0.13321980391945298,0.05076455286072219,-0.19066734430379628,inf
UNRESTRICTED_CONVERSION,0.5026610878661089,0.9429149525240064,0.3589148338500834,0.12852758873452894,10.24247474619599
HEADON_KINETIC_LIMITED,0.5026610878661089,0.13551643697218863,0.05178608020596739,-0.19059437223979797,inf
UNRESTRICTED_CONVERSION,0.5066317991631799,0.9429149525240064,0.3600997431087711,0.12805310478938614,10.318735549534335
HEADON_KINETIC_LIMITED,0.5066317991631799,0.13783747467389917,0.05280752210574094,-0.19051389162730376,inf
UNRESTRICTED_CONVERSION,0.5106025104602511,0.9429149525240064,0.36092895508077505,0.12763140346385823,10.39156688509331
HEADON_KINETIC_LIMITED,0.5106025104602511,0.1401831146623782,0.053828876921134555,-0.19042573417654451,inf
UNRESTRICTED_CONVERSION,0.5145732217573222,0.9429149525240064,0.3619948208952447,0.12717124507754304,10.468349227332913
HEADON_KINETIC_LIMITED,0.5145732217573222,0.14255355884446652,0.05485014301609978,-0.19032972853256352,inf
UNRESTRICTED_CONVERSION,0.5185439330543934,0.9429149525240064,0.3629420034373718,0.12672735142216582,10.544640346875445
HEADON_KINETIC_LIMITED,0.5185439330543934,0.14494901351294798,0.05587131875750246,-0.1902257002006622,inf
UNRESTRICTED_CONVERSION,0.5225146443514644,0.9429149525240064,0.3641256496972206,0.1262450782082569,10.625002557782048
HEADON_KINETIC_LIMITED,0.5225146443514644,0.14736968946778417,0.05689240251517712,-0.19011347146916963,inf
UNRESTRICTED_CONVERSION,0.5264853556485356,0.9429149525240064,0.36507230250862444,0.12579727559161313,10.703354320259258
HEADON_KINETIC_LIMITED,0.5264853556485356,0.14981580214189172,0.05816862538159527,-0.19002611567342592,inf
UNRESTRICTED_CONVERSION,0.5304560669456068,0.9429149525240064,0.366137005887468,0.12532933004487645,10.784306796386042
HEADON_KINETIC_LIMITED,0.5304560669456068,0.1522875717316644,0.05918949623133545,-0.1898968893997192,inf
UNRESTRICTED_CONVERSION,0.5344267782426778,0.9429149525240064,0.3672014187885134,0.12485945533097448,10.866343066298365
HEADON_KINETIC_LIMITED,0.5344267782426778,0.1547852233324647,0.06046544783122532,-0.18979206264375115,inf
UNRESTRICTED_CONVERSION,0.538397489539749,0.9429149525240064,0.36838375478664886,0.12436949240413148,10.951077949878778
HEADON_KINETIC_LIMITED,0.538397489539749,0.1573089870793115,0.061486097571153225,-0.18964508584896428,inf
UNRESTRICTED_CONVERSION,0.5423682008368201,0.9429149525240064,0.3693293650815198,0.12391393109148485,11.033730601291131
HEADON_KINETIC_LIMITED,0.5423682008368201,0.15985909829301204,0.06276176767497492,-0.18952201947338174,inf
UNRESTRICTED_CONVERSION,0.5463389121338913,0.9429149525240064,0.37051105670976414,0.12342015437607506,11.120748196708444
HEADON_KINETIC_LIMITED,0.5463389121338913,0.16243579763199278,0.06403727698911198,-0.18938951008590493,inf
UNRESTRICTED_CONVERSION,0.5503096234309625,0.9429149525240064,0.37169239352383826,0.12292448826930658,11.208951143244208
HEADON_KINETIC_LIMITED,0.5503096234309625,0.16503933125010473,0.06505756656514915,-0.1892144061348689,inf
UNRESTRICTED_CONVERSION,0.5542803347280335,0.9429149525240064,0.37287337781646046,0.12242693817025385,11.29835742357637
HEADON_KINETIC_LIMITED,0.5542803347280335,0.1676699509606906,0.06633277856445219,-0.1890624478365322,inf
UNRESTRICTED_CONVERSION,0.5582510460251047,0.9429149525240064,0.3738179129903788,0.12196372534216837,11.385603568006799
HEADON_KINETIC_LIMITED,0.5582510460251047,0.17032791440721806,0.06760782101870097,-0.18890042372914037,inf
UNRESTRICTED_CONVERSION,0.5622217573221758,0.9429149525240064,0.3749982685947356,0.12146240356879828,11.477432559072216
HEADON_KINETIC_LIMITED,0.5622217573221758,0.1730134852408025,0.06888269081738052,-0.18872811790992888,inf
UNRESTRICTED_CONVERSION,0.5661924686192469,0.9429149525240064,0.37617827821813943,0.12095921389482073,11.570520489163364
HEADON_KINETIC_LIMITED,0.5661924686192469,0.1757269333049617,0.07015738485887087,-0.18854531019411402,inf
UNRESTRICTED_CONVERSION,0.570163179916318,0.9429149525240064,0.37735794423925967,0.1204541617628535,11.66488693921384
HEADON_KINETIC_LIMITED,0.570163179916318,0.17846853482796388,0.07143190005061034,-0.18835177599411423,inf
UNRESTRICTED_CONVERSION,0.5741338912133892,0.9429149525240064,0.37853726905906704,0.11994725262701406,11.760551920311556
HEADON_KINETIC_LIMITED,0.5741338912133892,0.1812385726231529,0.07296107785834223,-0.18817991503291714,inf
UNRESTRICTED_CONVERSION,0.5781046025104604,0.9429149525240064,0.3797162551006973,0.1194384919531602,11.85753588525143
HEADON_KINETIC_LIMITED,0.5781046025104604,0.18403733629765717,0.07423518874049623,-0.18796418144230098,inf
UNRESTRICTED_CONVERSION,0.5820753138075314,0.9429149525240064,0.3810127497085525,0.11890983835824898,11.95767427272244
HEADON_KINETIC_LIMITED,0.5820753138075314,0.1868651224699166,0.07550911093947127,-0.18773701954842736,inf
UNRESTRICTED_CONVERSION,0.5860460251046026,0.9429149525240064,0.38219103231358986,0.11839740153066869,12.0573813719574
HEADON_KINETIC_LIMITED,0.5860460251046026,0.18972223499648244,0.07703756421888323,-0.18753065067986707,inf
UNRESTRICTED_CONVERSION,0.5900167364016737,0.9429149525240064,0.3833689837916392,0.11788312972132231,12.158471989887685
HEADON_KINETIC_LIMITED,0.5900167364016737,0.19260898520858072,0.07831106058317633,-0.18727984109230203,inf
UNRESTRICTED_CONVERSION,0.5939874476987448,0.9429149525240064,0.3846643525943319,0.11734901327198943,12.26285075660157
HEADON_KINETIC_LIMITED,0.5939874476987448,0.19552569215895343,0.07983899404408897,-0.1870492107605262,inf
UNRESTRICTED_CONVERSION,0.597958158995816,0.9429149525240064,0.38607703088293244,0.11679508127529642,12.370612906840387
HEADON_KINETIC_LIMITED,0.597958158995816,0.19847268287953246,0.0813666365676767,-0.18680603456929615,inf
UNRESTRICTED_CONVERSION,0.6019288702928871,0.9429149525240064,0.38725390757194356,0.11627537006099187,12.47606127685018
HEADON_KINETIC_LIMITED,0.6019288702928871,0.20145029265052716,0.08289398295802147,-0.1865500466738897,inf
UNRESTRICTED_CONVERSION,0.6058995815899583,0.9429149525240064,0.38854810064496864,0.11573585477216503,12.584943058702839
HEADON_KINETIC_LIMITED,0.6058995815899583,0.20445886528155344,0.08442102804127552,-0.186280975489592,inf
UNRESTRICTED_CONVERSION,0.6098702928870293,0.9429149525240064,0.3898419129505812,0.11519455432455511,12.695376524702741
HEADON_KINETIC_LIMITED,0.6098702928870293,0.20749875340546675,0.08594776666605944,-0.18599854350939798,inf
UNRESTRICTED_CONVERSION,0.6138410041841005,0.9429149525240064,0.39125290905376875,0.11463349606594214,12.809396799582444
HEADON_KINETIC_LIMITED,0.6138410041841005,0.21057031878560895,0.08747419370385948,-0.18570246711361837,inf
UNRESTRICTED_CONVERSION,0.6178117154811716,0.9429149525240064,0.3924283965867998,0.11410661233325003,12.92100608956382
HEADON_KINETIC_LIMITED,0.6178117154811716,0.21367393263722212,0.08900030404942359,-0.18539245637094287,inf
UNRESTRICTED_CONVERSION,0.6217824267782428,0.9429149525240064,0.3938385745628649,0.1135420260243899,13.0383187453757
HEADON_KINETIC_LIMITED,0.6217824267782428,0.2168099759638411,0.09078035907740217,-0.1851001709201351,inf
UNRESTRICTED_CONVERSION,0.6257531380753139,0.9429149525240064,0.3952483128712014,0.1129756911174673,13.157349190627368
HEADON_KINETIC_LIMITED,0.6257531380753139,0.21997883990952072,0.0923057658558685,-0.18476133716152643,inf
UNRESTRICTED_CONVERSION,0.629723849372385,0.9429149525240064,0.3965401892698128,0.11242555667226045,13.27600905297901
HEADON_KINETIC_LIMITED,0.629723849372385,0.2231809261278237,0.09408498624867827,-0.18443949861389683,inf
UNRESTRICTED_CONVERSION,0.6336945606694562,0.9429149525240064,0.3980664893275734,0.11183779930215071,13.400687476862693
HEADON_KINETIC_LIMITED,0.6336945606694562,0.2264166471685518,0.09560966585230515,-0.1840705996414988,inf
UNRESTRICTED_CONVERSION,0.6376652719665272,0.9429149525240064,0.39947493699968306,0.1112662543306,13.525059257920466
HEADON_KINETIC_LIMITED,0.6376652719665272,0.22968642688327578,0.09738802421544987,-0.18371793565712768,inf
UNRESTRICTED_CONVERSION,0.6416359832635984,0.9429149525240064,0.40076564296568135,0.1107109078248028,13.649066726093643
HEADON_KINETIC_LIMITED,0.6416359832635984,0.23299070085079454,0.09916590716780058,-0.1833493334632979,inf
UNRESTRICTED_CONVERSION,0.6456066945606695,0.9429149525240064,0.4022905753454859,0.11011799622798063,13.779373975744607
HEADON_KINETIC_LIMITED,0.6456066945606695,0.23632991682373305,0.10094330690284564,-0.18296445156574898,inf
UNRESTRICTED_CONVERSION,0.6495774058577407,0.9429149525240064,0.4035805232422851,0.10955920499828498,13.907111986487978
HEADON_KINETIC_LIMITED,0.6495774058577407,0.23970453519757995,0.10272021566344294,-0.182562940196919,inf
UNRESTRICTED_CONVERSION,0.6535481171548118,0.9429149525240064,0.4051045703093716,0.10896288740846549,14.041347924289314
HEADON_KINETIC_LIMITED,0.6535481171548118,0.24311502950355757,0.10449662574265188,-0.18214444101413818,inf
UNRESTRICTED_CONVERSION,0.6575188284518829,0.9429149525240064,0.40651096390075825,0.10838277910941047,14.175297069667376
HEADON_KINETIC_LIMITED,0.6575188284518829,0.246561886926827,0.1065261882414244,-0.18174001036049858,inf
UNRESTRICTED_CONVERSION,0.6614895397489541,0.9429149525240064,0.4080341089812298,0.10778308151428712,14.313646872130471
HEADON_KINETIC_LIMITED,0.6614895397489541,0.2500456088516336,0.10830150400411101,-0.18128636390908842,inf
UNRESTRICTED_CONVERSION,0.6654602510460251,0.9429149525240064,0.4095567985536078,0.10718170884657258,14.454130830995304
HEADON_KINETIC_LIMITED,0.6654602510460251,0.25356671143513354,0.110329795988762,-0.18084590194204733,inf
UNRESTRICTED_CONVERSION,0.6694309623430963,0.9429149525240064,0.41107903371546645,0.1065786621511638,14.596791553105339
HEADON_KINETIC_LIMITED,0.6694309623430963,0.2571257262117661,0.11210398279622805,-0.18035556246882672,inf
UNRESTRICTED_CONVERSION,0.6734016736401675,0.9429149525240064,0.41260082630659695,0.10597395260564185,14.74167140498348
HEADON_KINETIC_LIMITED,0.6734016736401675,0.2607232007301856,0.11413096498133796,-0.17987748243838814,inf
UNRESTRICTED_CONVERSION,0.6773723849372386,0.9429149525240064,0.41423918810707294,0.10534970264328442,14.891342045651989
HEADON_KINETIC_LIMITED,0.6773723849372386,0.26435969922492875,0.11615723275589279,-0.17937994156119644,inf
UNRESTRICTED_CONVERSION,0.6813430962343097,0.9429149525240064,0.4156430996187127,0.10475955923378161,15.03826797248485
HEADON_KINETIC_LIMITED,0.6813430962343097,0.26803580332515975,0.1181827752168138,-0.17886251072416232,inf
UNRESTRICTED_CONVERSION,0.6853138075313808,0.9429149525240064,0.41728053872629056,0.1041320169777945,15.192683639666951
HEADON_KINETIC_LIMITED,0.6853138075313808,0.27175211280303624,0.12046063005862157,-0.17835574461124332,inf
UNRESTRICTED_CONVERSION,0.689284518828452,0.9429149525240064,0.4189174929813384,0.10350283894350787,15.349587233420376
HEADON_KINETIC_LIMITED,0.689284518828452,0.27550924636443463,0.12248459547389903,-0.17779713732027558,inf
UNRESTRICTED_CONVERSION,0.693255230125523,0.9429149525240064,0.420553970853132,0.10287203111969839,15.509030985093723
HEADON_KINETIC_LIMITED,0.693255230125523,0.27930784248501206,0.12476064909938622,-0.17724815205218497,inf
UNRESTRICTED_CONVERSION,0.6972259414225942,0.9429149525240064,0.4221899808732962,0.1022395995156567,15.671068616161653
HEADON_KINETIC_LIMITED,0.6972259414225942,0.2831485602948285,0.12678298963700127,-0.17664650492079254,inf
UNRESTRICTED_CONVERSION,0.7011966527196654,0.9429149525240064,0.42382553163474374,0.10160555016192879,15.835755391287345
HEADON_KINETIC_LIMITED,0.7011966527196654,0.2870320805150227,0.12905718878822992,-0.17605338347324723,inf
UNRESTRICTED_CONVERSION,0.7051673640167365,0.9429149525240064,0.4254606317906029,0.1009698891110693,16.003148173666702
HEADON_KINETIC_LIMITED,0.7051673640167365,0.29095910645034906,0.13133038498287736,-0.17543740908075084,inf
UNRESTRICTED_CONVERSION,0.7091380753138076,0.9429149525240064,0.4270952900531338,0.10033262243840563,16.17330548276959
HEADON_KINETIC_LIMITED,0.7091380753138076,0.29493036504170134,0.1336025637826777,-0.17479805944893367,inf
UNRESTRICTED_CONVERSION,0.7131087866108787,0.9429149525240064,0.42896294108387234,0.09965801584403222,16.352149831014344
HEADON_KINETIC_LIMITED,0.7131087866108787,0.29894660798312933,0.13612599631013908,-0.1741653547055629,inf
UNRESTRICTED_CONVERSION,0.7170794979079499,0.9429149525240064,0.4304799990370448,0.09903542686130229,16.52513763477423
HEADON_KINETIC_LIMITED,0.7170794979079499,0.30300861290824943,0.1383959806510966,-0.1734775612240418,inf
UNRESTRICTED_CONVERSION,0.7210502092050209,0.9429149525240064,0.4322300088523817,0.09837551084218443,16.70704321114642
HEADON_KINETIC_LIMITED,0.7210502092050209,0.3071171846514048,0.14091694027763663,-0.17279516066636846,inf
UNRESTRICTED_CONVERSION,0.7250209205020921,0.9429149525240064,0.4340961724375121,0.09769613290917933,16.89516576208468
HEADON_KINETIC_LIMITED,0.7250209205020921,0.3112731565894219,0.14343657102044757,-0.17208700521233133,inf
UNRESTRICTED_CONVERSION,0.7289916317991633,0.9429149525240064,0.43572864200183803,0.09705093035208573,17.080304138834048
HEADON_KINETIC_LIMITED,0.7289916317991633,0.31547739207036185,0.14595485437955857,-0.1713524863452066,inf
UNRESTRICTED_CONVERSION,0.7329623430962344,0.9429149525240064,0.4375938495692535,0.09636839608230113,17.27501048998239
HEADON_KINETIC_LIMITED,0.7329623430962344,0.31973078593627513,0.14847177214259158,-0.17059097591600084,inf
UNRESTRICTED_CONVERSION,0.7369330543933055,0.9429149525240064,0.4394585667785059,0.09568428570287513,17.473185749322234
HEADON_KINETIC_LIMITED,0.7369330543933055,0.3240342661476445,0.15098730638910418,-0.16980182517272785,inf
UNRESTRICTED_CONVERSION,0.7409037656903766,0.9429149525240064,0.4412063050825825,0.09501649876336954,17.67158505820276
HEADON_KINETIC_LIMITED,0.7409037656903766,0.32838879551795785,0.15375277507313906,-0.1690144792387287,inf
UNRESTRICTED_CONVERSION,0.7448744769874478,0.9429149525240064,0.4429536375928507,0.09434715993229603,17.873495946146935
HEADON_KINETIC_LIMITED,0.7448744769874478,0.3327953735676916,0.15651652534568342,-0.16819800247556566,inf
UNRESTRICTED_CONVERSION,0.7488451882845188,0.9429149525240064,0.444817021551595,0.09365836684974266,18.082459438430956
HEADON_KINETIC_LIMITED,0.7488451882845188,0.33725503850793137,0.15927853461588903,-0.16735167739738627,inf
UNRESTRICTED_CONVERSION,0.75281589958159,0.9429149525240064,0.4467963878247878,0.09295010335367526,18.298766710425774
HEADON_KINETIC_LIMITED,0.75281589958159,0.3417688693649006,0.16203878074632933,-0.16647476134742273,inf
UNRESTRICTED_CONVERSION,0.7567866108786612,0.9429149525240064,0.44865888610503707,0.09225819862141776,18.515530523592265
HEADON_KINETIC_LIMITED,0.7567866108786612,0.34633798825785367,0.16479724205961244,-0.16556648514449032,inf
UNRESTRICTED_CONVERSION,0.7607573221757323,0.9429149525240064,0.4506373446519306,0.09154681823732308,18.739977637733087
HEADON_KINETIC_LIMITED,0.7607573221757323,0.3509635628441119,0.16780441209528255,-0.16465585172334601,inf
UNRESTRICTED_CONVERSION,0.7647280334728034,0.9429149525240064,0.45249901705427564,0.09085182206165343,18.96494445261944
HEADON_KINETIC_LIMITED,0.7647280334728034,0.35564680894650724,0.17080940592227287,-0.16371210820720877,inf
UNRESTRICTED_CONVERSION,0.7686987447698745,0.9429149525240064,0.4545929465726119,0.0901193824914186,19.20178258575723
HEADON_KINETIC_LIMITED,0.7686987447698745,0.36038899338018016,0.17381219732526298,-0.16273439652841828,inf
UNRESTRICTED_CONVERSION,0.7726694560669457,0.9429149525240064,0.4564538313456224,0.08942130635151363,19.435462185873256
HEADON_KINETIC_LIMITED,0.7726694560669457,0.36519143699756995,0.1768127607782971,-0.16172182563693419,inf
UNRESTRICTED_CONVERSION,0.7766401673640169,0.9429149525240064,0.4585469111503184,0.08868574741893115,19.68156886701585
HEADON_KINETIC_LIMITED,0.7766401673640169,0.37005551797258207,0.18006082822825142,-0.16070302050344465,inf
UNRESTRICTED_CONVERSION,0.7806108786610879,0.9429149525240064,0.46040707309586393,0.08798461059243762,19.924432909183093
HEADON_KINETIC_LIMITED,0.7806108786610879,0.3749826753473434,0.18330622117899845,-0.15964734324909607,inf
UNRESTRICTED_CONVERSION,0.7845815899581591,0.9429149525240064,0.46249937641511507,0.08724594877600705,20.180316899870615
HEADON_KINETIC_LIMITED,0.7845815899581591,0.37997441286772116,0.18654890999257645,-0.1585537917438147,inf
UNRESTRICTED_CONVERSION,0.7885523012552302,0.9429149525240064,0.4644750897063721,0.08652374755508563,20.437128147309014
HEADON_KINETIC_LIMITED,0.7885523012552302,0.3850323031369204,0.1897888660335004,-0.15742132217084626,inf
UNRESTRICTED_CONVERSION,0.7925230125523013,0.9429149525240064,0.46668286016151234,0.085763940780956,20.707788386759606
HEADON_KINETIC_LIMITED,0.7925230125523013,0.39015799212006974,0.19327496162657504,-0.1562781535889339,inf
UNRESTRICTED_CONVERSION,0.7964937238493724,0.9429149525240064,0.46877408222822325,0.08502060115631821,20.979677058080956
HEADON_KINETIC_LIMITED,0.7964937238493724,0.3953532040368033,0.19650915483583611,-0.15506447526301148,inf
UNRESTRICTED_CONVERSION,0.8004644351464436,0.9429149525240064,0.4708649856448624,0.08427570882084112,21.25721156837304
HEADON_KINETIC_LIMITED,0.8004644351464436,0.4006197466835556,0.20023741740718964,-0.1538668448159874,inf
UNRESTRICTED_CONVERSION,0.8044351464435148,0.9429149525240064,0.47295559141616517,0.08352926706004532,21.540557591873696
HEADON_KINETIC_LIMITED,0.8044351464435148,0.40595951723270496,0.20371371549220524,-0.15259628058690908,inf
UNRESTRICTED_CONVERSION,0.8084058577405858,0.9429149525240064,0.47527816325701977,0.08274503029406527,21.83945059691542
HEADON_KINETIC_LIMITED,0.8084058577405858,0.4113745085619315,0.20743462949942099,-0.15130980555720275,inf
UNRESTRICTED_CONVERSION,0.812376569037657,0.9429149525240064,0.47736820993440676,0.0819954590112687,22.13517230058555
HEADON_KINETIC_LIMITED,0.812376569037657,0.4168668161743795,0.21115169222303093,-0.1499768747655649,inf
UNRESTRICTED_CONVERSION,0.8163472803347281,0.9429149525240064,0.4796902129638116,0.0812080003230895,22.447293566631288
HEADON_KINETIC_LIMITED,0.8163472803347281,0.4224386457785694,0.2148648718991512,-0.148596065657483,inf
UNRESTRICTED_CONVERSION,0.8203179916317992,0.9429149525240064,0.4817797949983566,0.08045530850615434,22.756169426679854
HEADON_KINETIC_LIMITED,0.8203179916317992,0.4280923216067374,0.21882128336156068,-0.1471947883759632,inf
UNRESTRICTED_CONVERSION,0.8242887029288704,0.9429149525240064,0.48410133442897163,0.07966463194512191,23.08236407390734
HEADON_KINETIC_LIMITED,0.8242887029288704,0.4338302955616218,0.22277320920639687,-0.1457424605898302,inf
UNRESTRICTED_CONVERSION,0.8282594142259415,0.9429149525240064,0.48642267227886427,0.07887231704851871,23.416074391008745
HEADON_KINETIC_LIMITED,0.8282594142259415,0.43965515729499194,0.22696718077574896,-0.14426623047322806,inf
UNRESTRICTED_CONVERSION,0.8322301255230127,0.9429149525240064,0.48874383787618747,0.07807836330168993,23.757550341559515
HEADON_KINETIC_LIMITED,0.8322301255230127,0.4455696453368101,0.23090975975775463,-0.142706712120148,inf
UNRESTRICTED_CONVERSION,0.8362008368200837,0.9429149525240064,0.4910648605961597,0.07728277014090668,24.10705316276419
HEADON_KINETIC_LIMITED,0.8362008368200837,0.4515766594122824,0.23521671677148906,-0.14113396653061117,inf
UNRESTRICTED_CONVERSION,0.8401715481171549,0.9429149525240064,0.49338576985304705,0.07648553695367072,24.464856008148743
HEADON_KINETIC_LIMITED,0.8401715481171549,0.45767927410578957,0.23951817831152916,-0.13950286407230125,inf
UNRESTRICTED_CONVERSION,0.844142259414226,0.9429149525240064,0.49570659509212955,0.07568666307900324,24.831244634733572
HEADON_KINETIC_LIMITED,0.844142259414226,0.46388075405648277,0.2439367710951158,-0.13782566125434206,inf
UNRESTRICTED_CONVERSION,0.8481129707112971,0.9429149525240064,0.49814340338352714,0.0748677173651568,25.212723313275372
HEADON_KINETIC_LIMITED,0.8481129707112971,0.47018457090109345,0.24847198285737268,-0.13610012341563418,inf
UNRESTRICTED_CONVERSION,0.8520836820083683,0.9429149525240064,0.5005801857237991,0.07404705813996587,25.6037536867742
HEADON_KINETIC_LIMITED,0.8520836820083683,0.47659442221632564,0.25300097684501727,-0.13430962949959044,inf
UNRESTRICTED_CONVERSION,0.8560543933054394,0.9429149525240064,0.5030169762108729,0.07322467287501516,26.004688805053213
HEADON_KINETIC_LIMITED,0.8560543933054394,0.4831142527574822,0.25789016576143436,-0.1324944518202684,inf
UNRESTRICTED_CONVERSION,0.8600251046025106,0.9429149525240064,0.5054538088665077,0.07240056717063537,26.41589281861124
HEADON_KINETIC_LIMITED,0.8600251046025106,0.489748278343482,0.26252812868677344,-0.13058072310743307,inf
UNRESTRICTED_CONVERSION,0.8639958158995816,0.9429149525240064,0.5080067637338426,0.07155613079055251,26.84473001659671
HEADON_KINETIC_LIMITED,0.8639958158995816,0.4965010128033859,0.26752484246237446,-0.1286367912779798,inf
UNRESTRICTED_CONVERSION,0.8679665271966528,0.9429149525240064,0.5105598416433645,0.07070986858623973,27.285059903187737
HEADON_KINETIC_LIMITED,0.8679665271966528,0.503377298478833,0.2727570482538462,-0.12664536022579062,inf
UNRESTRICTED_CONVERSION,0.871937238493724,0.9429149525240064,0.5131130817608457,0.06986177336911253,27.73733750215908
HEADON_KINETIC_LIMITED,0.871937238493724,0.5103823408740871,0.2777380276276995,-0.12454648660078527,inf
UNRESTRICTED_CONVERSION,0.8759079497907951,0.9429149525240064,0.5156665231984159,0.06901183778155112,28.202042339669156
HEADON_KINETIC_LIMITED,0.8759079497907951,0.5175217481654888,0.2830749492056224,-0.12240765296336492,inf
UNRESTRICTED_CONVERSION,0.8798786610878662,0.9429149525240064,0.518336288080411,0.06814124356095619,28.68759728781849
HEADON_KINETIC_LIMITED,0.8798786610878662,0.5248015764312512,0.2885240696512892,-0.12019679937978284,inf
UNRESTRICTED_CONVERSION,0.8838493723849373,0.9429149525240064,0.5210063596170946,0.06726868565287725,29.18714578894095
HEADON_KINETIC_LIMITED,0.8838493723849373,0.5322283816489586,0.2940848137979031,-0.1179099610868018,inf
UNRESTRICTED_CONVERSION,0.8878200836820085,0.9429149525240064,0.5236767834654126,0.06639414181432174,29.701293831131625
HEADON_KINETIC_LIMITED,0.8878200836820085,0.5398092797427664,0.2998771870589976,-0.11555699861761443,inf
UNRESTRICTED_CONVERSION,0.8917907949790795,0.9429149525240064,0.5263476024968069,0.06551761034303277,30.230673587358044
HEADON_KINETIC_LIMITED,0.8917907949790795,0.54755201625979,0.30565927895013423,-0.11310500151904768,inf
UNRESTRICTED_CONVERSION,0.8957615062761507,0.9429149525240064,0.5291350143551377,0.06462001164511039,30.785040391807634
HEADON_KINETIC_LIMITED,0.8957615062761507,0.5554650476353051,0.3116714579276604,-0.11057722560767247,inf
UNRESTRICTED_CONVERSION,0.8997322175732219,0.9429149525240064,0.531922955353161,0.06372025880427024,31.356690643081464
HEADON_KINETIC_LIMITED,0.8997322175732219,0.563557636496212,0.3179125257947012,-0.10796820757708359,inf
UNRESTRICTED_CONVERSION,0.903702928870293,0.9429149525240064,0.5347114752517945,0.0628183338420008,31.94643494967263
HEADON_KINETIC_LIMITED,0.903702928870293,0.5718399640890639,0.32426160180918717,-0.1052578425739571,inf
UNRESTRICTED_CONVERSION,0.9076736401673641,0.9429149525240064,0.5375006235848849,0.06191421836356781,32.555135799355924
HEADON_KINETIC_LIMITED,0.9076736401673641,0.5803232637549152,0.3308376474096665,-0.10245374005807306,inf
UNRESTRICTED_CONVERSION,0.9116443514644352,0.9429149525240064,0.5405229672748086,0.060969170010221396,33.20478785758568
HEADON_KINETIC_LIMITED,0.9116443514644352,0.5890199804820321,0.33752028187578315,-0.09953454272362589,inf
UNRESTRICTED_CONVERSION,0.9156150627615064,0.9429149525240064,0.5433135828399156,0.06006046034132534,33.855043935583616
HEADON_KINETIC_LIMITED,0.9156150627615064,0.5979439630545977,0.34454704612346365,-0.09652066669965864,inf
UNRESTRICTED_CONVERSION,0.9195857740585774,0.9429149525240064,0.5462213044170551,0.05912996641439744,34.53865126926692
HEADON_KINETIC_LIMITED,0.9195857740585774,0.6071106973343675,0.35167866791679325,-0.09337490439891943,inf
UNRESTRICTED_CONVERSION,0.9235564853556486,0.9429149525240064,0.5491299251020414,0.0581970358433922,35.2462565150653
HEADON_KINETIC_LIMITED,0.9235564853556486,0.6165375919890952,0.3590333397851436,-0.0901015838647713,inf
UNRESTRICTED_CONVERSION,0.9275271966527198,0.9429149525240064,0.5521559050584752,0.05724191803385642,35.9915370941159
HEADON_KINETIC_LIMITED,0.9275271966527198,0.6262443318562956,0.36672838340206415,-0.08670393931772746,inf
UNRESTRICTED_CONVERSION,0.9314979079497909,0.9429149525240064,0.555182978448405,0.05628411047451731,36.76455325683612
HEADON_KINETIC_LIMITED,0.9314979079497909,0.6362533196231712,0.37464419661561216,-0.08315521092052663,inf
UNRESTRICTED_CONVERSION,0.935468619246862,0.9429149525240064,0.5582112054159689,0.05532357759116152,37.5668824513104
HEADON_KINETIC_LIMITED,0.935468619246862,0.646590234424161,0.38278005093633427,-0.07944109900170182,inf
UNRESTRICTED_CONVERSION,0.9394393305439331,0.9429149525240064,0.5612406455781407,0.05436028290157091,38.400224982839234
HEADON_KINETIC_LIMITED,0.9394393305439331,0.6572847476006258,0.39125290905376875,-0.0755596553601498,inf
UNRESTRICTED_CONVERSION,0.9434100418410043,0.9429149525240064,0.5643879510494956,0.053374050784135874,39.28123158063155
HEADON_KINETIC_LIMITED,0.9434100418410043,0.6683714533494522,0.40006166432331197,-0.07149200421862612,inf
UNRESTRICTED_CONVERSION,0.9473807531380753,0.9429149525240064,0.5675366920318845,0.0523847605576534,40.1984924780994
HEADON_KINETIC_LIMITED,0.9473807531380753,0.6798910988686302,0.4093225683938619,-0.06723069847755403,inf
UNRESTRICTED_CONVERSION,0.9513514644351465,0.9429149525240064,0.5708036416582523,0.05137197398988469,41.17063821520821
HEADON_KINETIC_LIMITED,0.9513514644351465,0.691892241063127,0.4189174929813384,-0.06273495816114621,inf
UNRESTRICTED_CONVERSION,0.9553221757322177,0.9429149525240064,0.5740722782828377,0.05035576980546386,42.18551547000307
HEADON_KINETIC_LIMITED,0.9553221757322177,0.7044335259975146,0.42896294108387234,-0.05798806877911372,inf
UNRESTRICTED_CONVERSION,0.9592928870292888,0.9429149525240064,0.5773426724233104,0.049336086837047155,43.246029261947236
HEADON_KINETIC_LIMITED,0.9592928870292888,0.717586903818162,0.4394585667785059,-0.052951668432959675,inf
UNRESTRICTED_CONVERSION,0.9632635983263599,0.9429149525240064,0.5806148936738423,0.04831286216610181,44.35535603022086
HEADON_KINETIC_LIMITED,0.9632635983263599,0.7314422964438494,0.4504046082667868,-0.047577803332769286,inf
UNRESTRICTED_CONVERSION,0.967234309623431,0.9429149525240064,0.584005980587412,0.04726509327999712,45.53713953247928
HEADON_KINETIC_LIMITED,0.967234309623431,0.7461146119067017,0.46203445379725017,-0.041836237503703466,inf
UNRESTRICTED_CONVERSION,0.9712050209205022,0.9429149525240064,0.5873991736934031,0.04621335875586152,46.77735506991375
HEADON_KINETIC_LIMITED,0.9712050209205022,0.7617547328092186,0.47458142583364454,-0.035679475601878785,inf
UNRESTRICTED_CONVERSION,0.9751757322175733,0.9429149525240064,0.5907945520439082,0.04515756143231847,48.08051552647923
HEADON_KINETIC_LIMITED,0.9751757322175733,0.7785676372028699,0.4878153904285134,-0.02896897335951998,inf
UNRESTRICTED_CONVERSION,0.9791464435146444,0.9429149525240064,0.5941921830909855,0.044097634177452494,49.451577497251414
HEADON_KINETIC_LIMITED,0.9791464435146444,0.7968442908687445,0.5022047096727569,-0.02161696813010333,inf
UNRESTRICTED_CONVERSION,0.9831171548117156,0.9429149525240064,0.5977094246545142,0.04301189182527487,50.92161306354875
HEADON_KINETIC_LIMITED,0.9831171548117156,0.8170227885366125,0.5179880411526985,-0.01342932640654515,inf
UNRESTRICTED_CONVERSION,0.9870878661087867,0.9429149525240064,0.6014639810809234,0.041877918415278714,52.529135470122455
HEADON_KINETIC_LIMITED,0.9870878661087867,0.8398202741268361,0.5355249102936279,-0.0040841082824373265,inf
UNRESTRICTED_CONVERSION,0.9910585774058578,0.9429149525240064,0.6049866131800055,0.04078235881215303,54.176007697438
HEADON_KINETIC_LIMITED,0.9910585774058578,0.8665725060181471,0.5558816954882243,0.006954835451990271,317.68190637703844
UNRESTRICTED_CONVERSION,0.995029288702929,0.9429149525240064,0.6085119686261238,0.03968190291899243,55.92167601034282
HEADON_KINETIC_LIMITED,0.995029288702929,0.9004172975695913,0.5810825070186616,0.021008812914913466,105.62607832708723
UNRESTRICTED_CONVERSION,0.999,0.9429149525240064,0.6122754315458907,0.03853167644387839,57.842545564758915
HEADON_KINETIC_LIMITED,0.999,0.9429149525240064,0.6122754315458907,0.03853167644387839,57.842545564758915
