omega,epsilon,chi,chi_factor,shift_m,max_shift_1e4_m,max_shift_1e6_m,source_leak,payload_overlap,promoted_alpha,promoted_energy_J,promoted_backreaction,ceiling_alpha,ceiling_energy_J,ceiling_backreaction,ceiling_surface_min_mps2,ceiling_a_cm_mps2
0.4,0.01,0.5293023881131728,3.125,0.0,0.5979802765197653,0.5004845500268813,1.0711382908084361e-16,2.4445580443826077e-44,27.007903507182004,575435983964.7236,0.00608603639031217,34.61972397598477,350212433870.44,0.009999999999999997,9.80665,11.821779707157022
0.4,0.01,0.5293023881131728,3.125,0.14949506912994132,0.5979802765197653,0.5004845500268813,2.4376927115772347e-14,1.1203254145378362e-40,27.007903507182004,422955533298.927,0.0062642804689895725,34.123634086683666,264951208649.5524,0.010000000000000049,9.80665,11.948129256490596
0.4,0.01,0.5293023881131728,3.125,0.29899013825988263,0.5979802765197653,0.5004845500268813,4.1655329661326744e-11,5.1579745599250425e-37,27.007903507182004,305281125029.23553,0.0064617435491625234,33.59820026233551,197264834004.83035,0.010000000001472324,9.80665,12.09805578306524
0.4,0.01,0.5293023881131728,3.125,0.44848520738982395,0.5979802765197653,0.5004845500268813,7.7257773643456e-08,2.3839843404614104e-33,27.007903507182004,215742283099.4001,0.00668094351728025,33.04242959201732,144136200767.62146,0.009999999999999743,9.80665,12.278678073289997
0.4,0.01,0.5293023881131728,3.125,0.5979802765197653,0.5979802765197653,0.5004845500268813,0.00010000000000133153,1.1042971765041714e-29,27.007903507182004,148732909546.05093,0.006924383348368497,32.45639810058844,102988368221.52728,0.009999999999998059,9.80665,12.500273765119628
0.4,0.01,0.8468838209810764,5.0,0.0,0.5838113196640815,0.4821337846140477,4.128660096286615e-16,1.1227542243947716e-43,27.007903507182004,588424176159.8896,0.0060860363903121745,34.61972397598476,358117094904.8551,0.009999999999999998,9.80665,11.821779707157035
0.4,0.01,0.8468838209810764,5.0,0.14595282991602038,0.5838113196640815,0.4821337846140477,7.408239332178302e-14,4.174144684667074e-40,27.007903507182004,435755636960.4289,0.006259844373883897,34.13572295568598,272776247241.49316,0.01000000000000001,9.806650000000001,11.944886107256172
0.4,0.01,0.8468838209810764,5.0,0.29190565983204075,0.5838113196640815,0.4821337846140477,9.348963662320535e-11,1.5545530734449983e-36,27.007903507182004,317175308556.8807,0.006451915530865623,33.62378011288211,204638829903.19928,0.010000000001237505,9.80665,12.090324007149267
0.4,0.01,0.8468838209810764,5.0,0.43785848974806113,0.5838113196640815,0.4821337846140477,1.2110095049747648e-07,5.790249546161605e-33,27.007903507182004,226297730833.68848,0.006664589807435311,33.08294485531748,150818155035.99722,0.009999999999999785,9.80665,12.264630248190016
0.4,0.01,0.8468838209810764,5.0,0.5838113196640815,0.5838113196640815,0.4821337846140477,9.999999999902246e-05,2.1508217563431e-29,27.007903507182004,157733138002.63614,0.006900209340034745,32.51320183022311,108839167207.89607,0.00999999999999833,9.80665,12.477144327314084
0.4,0.01,0.33875352839243056,2.0,0.0,0.6110733970150182,0.5189783918211702,2.387622591315005e-17,4.4821935349241775e-45,27.007903507182004,645517043852.4976,0.006086036390312168,34.619723975984776,392864021945.30347,0.01,9.80665,11.821779707157019
0.4,0.01,0.33875352839243056,2.0,0.15276834925375454,0.6110733970150182,0.5189783918211702,6.895569114784874e-15,2.49807410682232e-41,27.007903507182004,471187545881.18787,0.006268389318325369,34.112448449676734,295358697952.95416,0.010000000000000136,9.806649999999998,11.951137839839289
0.4,0.01,0.33875352839243056,2.0,0.3055366985075091,0.6110733970150182,0.5189783918211702,1.6126494659855522e-11,1.4035385101942485e-37,27.007903507182004,337451088744.98114,0.006470868721226683,33.57450193602547,218360169472.89148,0.010000000001716768,9.80665,12.105261247361081
0.4,0.01,0.33875352839243056,2.0,0.45830504776126363,0.6110733970150182,0.5189783918211702,4.442524752746284e-08,7.953185895328168e-34,27.007903507182004,236366256025.99738,0.006696164540607364,33.0048539230418,158274734219.7454,0.009999999999999695,9.80665,12.29184138116326
0.4,0.01,0.33875352839243056,2.0,0.6110733970150182,0.6110733970150182,0.5189783918211702,0.00010000000026774902,4.545856484500951e-30,27.007903507182004,161285428614.79654,0.006946932095757025,32.40368087602135,112043892062.23062,0.009999999999997788,9.80665,12.52209133210353
0.4,0.01,0.31758143286790363,1.875,0.0,0.6128238487636919,0.5216159769596487,1.8982861262164086e-17,3.4584236482142786e-45,27.007903507182004,671190135333.7166,0.006086036390312171,34.61972397598477,408488758845.9549,0.01,9.80665,11.821779707157026
0.4,0.01,0.31758143286790363,1.875,0.15320596219092297,0.6128238487636919,0.5216159769596487,5.6712417691506034e-15,1.979081932615431e-41,27.007903507182004,489472997831.5146,0.006268939339590284,34.11095194583514,306847653177.31256,0.010000000000000151,9.80665,11.951540918755597
0.4,0.01,0.31758143286790363,1.875,0.30641192438184595,0.6128238487636919,0.5216159769596487,1.3882773272019221e-11,1.1423385709724694e-37,27.007903507182004,350180325679.4633,0.00647209185848883,33.57132922425462,226639923443.60504,0.01000000000175155,9.80665,12.106229025661536
0.4,0.01,0.31758143286790363,1.875,0.4596178865727689,0.6128238487636919,0.5216159769596487,4.0608218927377105e-08,6.655007183867675e-34,27.007903507182004,244989821630.58078,0.006698207452257133,32.99982040153839,164099264897.31525,0.009999999999999691,9.806649999999998,12.293614668525228
0.4,0.01,0.31758143286790363,1.875,0.6128238487636919,0.6128238487636919,0.5216159769596487,9.999999999619248e-05,3.9148659650189196e-30,27.007903507182004,166938764094.62534,0.006949962053464225,32.39661662982779,116021807571.0123,0.00999999999999775,9.80665,12.525041226281225
0.4,0.02,0.5390644449430598,3.125,0.0,0.20767279709239217,0.0,5.523474875947303e-06,4.1705277016268346e-21,27.007903507182004,273463999988.32718,0.006086036390309701,34.61972397599179,166431185536.86108,0.01,9.806649999999998,11.821779707133372
0.4,0.02,0.5390644449430598,3.125,0.05191819927309804,0.20767279709239217,0.0,7.29936866233243e-06,1.8212829759815217e-20,27.007903507182004,246202257447.9685,0.006145910921227809,34.450675560939395,151313714311.96744,0.009999999998418758,9.806650000000001,11.863338806311358
0.4,0.02,0.5390644449430598,3.125,0.10383639854619608,0.20767279709239217,0.0,1.4774377290697045e-05,7.950462713505734e-20,27.007903507182004,221216873221.45438,0.00620791480517244,34.278199275123,137329550244.06114,0.009999999999889389,9.80665,11.907305914837977
0.4,0.02,0.5390644449430598,3.125,0.15575459781929413,0.20767279709239217,0.0,3.677440006936261e-05,3.468846564065794e-19,27.007903507182004,198351472526.5241,0.006272145917562118,34.10223137300976,124408937864.96394,0.010000000000000269,9.806650000000001,11.953892446204303
0.4,0.02,0.5390644449430598,3.125,0.20767279709239217,0.20767279709239217,0.0,0.00010000000000020631,1.5125034188132786e-18,27.007903507182004,177458579039.75342,0.006338705584419629,33.92271339236399,112485768595.61398,0.01000000000005616,9.806650000000001,12.003335120397637
0.4,0.02,0.8625031119088957,5.0,0.0,0.17300397116617788,0.0,1.2537490429166743e-05,1.385534636261068e-20,27.007903507182004,279449763676.01465,0.006086036390309705,34.61972397599178,170074143099.56726,0.01,9.80665,11.821779707133373
0.4,0.02,0.8625031119088957,5.0,0.04325099279154447,0.17300397116617788,0.0,1.503086198678693e-05,4.7038384011249665e-20,27.007903507182004,256075768628.4446,0.006135770015826891,34.47913302273322,157122202264.1307,0.01000000000183887,9.80665,11.856238882050521
0.4,0.02,0.8625031119088957,5.0,0.08650198558308894,0.17300397116617788,0.0,2.4443728472833552e-05,1.5958742696424966e-19,27.007903507182004,234335101626.18805,0.006186970232152078,34.33617075666421,144982429816.2883,0.009999999999632192,9.80665,11.892345861914917
0.4,0.02,0.8625031119088957,5.0,0.1297529783746334,0.17300397116617788,0.0,4.734296586347001e-05,5.410218404750434e-19,27.007903507182004,214134029766.5507,0.006239693101969433,34.19079968288095,133613062843.14488,0.009999999999998612,9.80665,11.930219448811386
0.4,0.02,0.8625031119088957,5.0,0.17300397116617788,0.17300397116617788,0.0,9.999999999998808e-05,1.832464514751825e-18,27.007903507182004,195383274261.58383,0.006293996405861197,34.04298457591077,122974162596.73361,0.010000000000003782,9.80665,11.969990061210032
0.4,0.02,0.3450012447635583,2.0,0.0,0.2387007560950742,0.0,2.2647665183426873e-06,1.1144492484285246e-21,27.007903507182004,308409196866.9277,0.006086036390309701,34.61972397599179,187698959523.83118,0.009999999999999997,9.80665,11.821779707133379
0.4,0.02,0.3450012447635583,2.0,0.05967518902376855,0.2387007560950742,0.0,3.357099467842674e-06,6.119741590732924e-21,27.007903507182004,273294987559.56268,0.00615503714563404,34.42512565675167,168214080034.90768,0.009999999998785028,9.80665,11.869749944752765
0.4,0.02,0.3450012447635583,2.0,0.1193503780475371,0.2387007560950742,0.0,8.636540880774227e-06,3.361798491621707e-20,27.007903507182004,241537158474.3157,0.006226870215714388,34.22598583914817,150402053809.46957,0.009999999999982093,9.80665,11.920942073758974
0.4,0.02,0.3450012447635583,2.0,0.17902556707130565,0.2387007560950742,0.0,2.8045207070981455e-05,1.8473113831912797e-19,27.007903507182004,212871357572.38293,0.00630168542696748,34.02220940991644,134144833183.17249,0.01000000000000704,9.80665,11.975685487630638
0.4,0.02,0.3450012447635583,2.0,0.2387007560950742,0.2387007560950742,0.0,9.999999999998576e-05,1.0152733847290799e-18,27.007903507182004,187050486097.9185,0.006379638415205119,33.81371135623343,119331446666.47107,0.010000000000237668,9.80665,12.03435571774258
0.4,0.02,0.3234386669658359,1.875,0.0,0.24280093727366237,0.0,1.9812244162122705e-06,9.127170445141062e-22,27.007903507182004,321147525723.67755,0.006086036390309699,34.61972397599179,195451552821.22217,0.009999999999999998,9.806649999999998,11.82177970713338
0.4,0.02,0.3234386669658359,1.875,0.06070023431841559,0.24280093727366237,0.0,2.9892379587702824e-06,5.167990221126293e-21,27.007903507182004,283986257296.22504,0.006156246700210848,34.4217436356226,174828945958.98236,0.009999999998829088,9.80665,11.870601196428161
0.4,0.02,0.3234386669658359,1.875,0.12140046863683118,0.24280093727366237,0.0,7.96986739286381e-06,2.92774558698552e-20,27.007903507182004,250436099691.46835,0.00622939008953573,34.219062698361164,156006415748.1971,0.009999999999987462,9.806650000000001,11.92276182303935
0.4,0.02,0.3234386669658359,1.875,0.18210070295524677,0.24280093727366237,0.0,2.6921364087229402e-05,1.6593828735843427e-19,27.007903507182004,220207848436.40048,0.006305624403518429,34.011581309379544,138854798294.55576,0.01000000000000934,9.80665,11.978609433280866
0.4,0.02,0.3234386669658359,1.875,0.24280093727366237,0.24280093727366237,0.0,9.999999999985128e-05,9.40870753194474e-19,27.007903507182004,193031493188.3286,0.006385113672910613,33.79921055808069,123252802642.49123,0.010000000000277775,9.80665,12.038541552441302
0.55,0.025,1.3731406760973095,5.0,0.0,0.06707625607318858,0.0,7.699548477017621e-05,9.141416392818135e-17,27.007903507182004,285933509420.37445,0.006086036390265123,34.61972397611858,174020174352.8615,0.009999999999999998,9.80665,11.821779707214201
0.55,0.025,1.3731406760973095,5.0,0.016769064018297145,0.06707625607318858,0.0,7.860473447008819e-05,1.2991721134867746e-16,27.007903507182004,276456111112.5872,0.00610514829200565,34.56549372985615,168780555457.35364,0.01,9.80665,11.834951596207308
0.55,0.025,1.3731406760973095,5.0,0.03353812803659429,0.06707625607318858,0.0,8.2645638830362e-05,1.8463570951567743e-16,27.007903507182004,267239062590.35806,0.006124475610234834,34.51091059459917,163669912073.9388,0.010000000001205352,9.80665,11.8483609302828
0.55,0.025,1.3731406760973095,5.0,0.05030719205489144,0.06707625607318858,0.0,8.964186016223464e-05,2.624065813000974e-16,27.007903507182004,258276521310.56958,0.006144021515834452,34.45597227798668,158685650423.11853,0.009999999998335259,9.80665,11.862014069874775
0.55,0.025,1.3731406760973095,5.0,0.06707625607318858,0.06707625607318858,0.0,9.999999999999324e-05,3.7293273206222364e-16,27.007903507182004,249562753171.45654,0.006163789221156462,34.40067654673502,153825220814.16962,0.009999999999081157,9.80665,11.875917603020692
0.55,0.025,0.8582129225608184,3.125,0.0,0.1263020260041275,0.0,4.2231042457281264e-05,4.1146738416874186e-17,27.007903507182004,298070686933.12683,0.006086036390265107,34.61972397611863,181406904754.63278,0.01,9.80665,11.821779707214287
0.55,0.025,0.8582129225608184,3.125,0.03157550650103187,0.1263020260041275,0.0,4.514079010182905e-05,7.992914091400375e-17,27.007903507182004,279693419008.1767,0.006122202342265793,34.517317215859016,171233970478.58002,0.01000000000106513,9.80665,11.846779052331147
0.55,0.025,0.8582129225608184,3.125,0.06315101300206374,0.1263020260041275,0.0,5.4002690031109457e-05,1.552867241433044e-16,27.007903507182004,262259412958.95612,0.0061591420132595335,34.41365213227366,161529296890.10568,0.009999999998930422,9.80665,11.872640310972974
0.55,0.025,0.8582129225608184,3.125,0.09472651950309562,0.1263020260041275,0.0,7.098744256164996e-05,3.0172430020944234e-16,27.007903507182004,245729000563.68796,0.006196876936851858,34.30871383257243,152275237634.25433,0.009999999999778245,9.80665,11.899407995464273
0.55,0.025,0.8582129225608184,3.125,0.1263020260041275,0.1263020260041275,0.0,0.00010000000000857102,5.863524355015062e-16,27.007903507182004,230063894211.6752,0.006235429152252076,34.202487967051546,143454711284.87234,0.009999999999995776,9.806650000000001,11.927129713919152
0.7,0.025,2.0433300920802577,5.0,0.0,0.10360174215170206,0.0,6.172960168003939e-05,9.48889386863653e-16,27.007903507182004,348758369670.4932,0.006086036390265272,34.61972397611816,212255612922.421,0.01,9.80665,11.821779707213054
0.7,0.025,2.0433300920802577,5.0,0.025900435537925516,0.10360174215170206,0.0,6.399768956361677e-05,1.5187906882190675e-15,27.007903507182004,331037898045.45746,0.006115645812215694,34.53581511458377,202451053473.75992,0.01000000000063615,9.80665,11.84222362506468
0.7,0.025,2.0433300920802577,5.0,0.05180087107585103,0.10360174215170206,0.0,7.042629721883462e-05,2.4313932314172885e-15,27.007903507182004,314065719867.2448,0.006145773248424269,34.451061427307074,193017669971.35886,0.009999999998412765,9.80665,11.86324224867447
0.7,0.025,2.0433300920802577,5.0,0.07770130661377656,0.10360174215170206,0.0,8.19728658028305e-05,3.8930685404968075e-15,27.007903507182004,297815974745.67523,0.006176430507211485,34.365454623309226,183943967206.064,0.009999999999420878,9.80665,11.884859702589486
0.7,0.025,2.0433300920802577,5.0,0.10360174215170206,0.10360174215170206,0.0,9.999999992275609e-05,6.2345125723966824e-15,27.007903507182004,282263541742.22797,0.0062076296288333735,34.27898663033337,175218752487.82782,0.009999999999887125,9.80665,11.907101470611615
0.55,0.025,0.5492562704389238,2.0,0.0,0.174450719361112,0.0,2.1005621250317506e-05,1.610999578946445e-17,27.007903507182004,349953497854.6052,0.0060860363902650975,34.61972397611866,212982972284.36853,0.010000000000000002,9.80665,11.82177970721433
0.55,0.025,0.5492562704389238,2.0,0.043612679840278,0.174450719361112,0.0,2.3921555797439868e-05,4.045484913008206e-17,27.007903507182004,320446375578.47656,0.00613619202059499,34.47794738445749,196632049248.73895,0.010000000001860545,9.80665,11.856533836861345
0.55,0.025,0.5492562704389238,2.0,0.087225359680556,0.174450719361112,0.0,3.377874105304077e-05,1.016438343901926e-16,27.007903507182004,293018000148.5395,0.006187839344771704,34.33375932956698,181314831010.94684,0.00999999999964694,9.80665,11.89296442586195
0.55,0.025,0.5492562704389238,2.0,0.130838039520834,0.174450719361112,0.0,5.5483881940927085e-05,2.5551255246531686e-16,27.007903507182004,267548093563.0818,0.006241035866345678,34.1871213946567,166977724789.9749,0.009999999999999122,9.80665,11.931193425494012
0.55,0.025,0.5492562704389238,2.0,0.174450719361112,0.174450719361112,0.0,0.00010000000003166371,6.426365588594073e-16,27.007903507182004,243922140552.1207,0.006295840862771538,34.03799752024609,153569497982.20633,0.010000000000004429,9.80665,11.971354820791552
