epsilon,omega,chi_factor,chi,chi_critical,X_MATCH,centered_E_J,max_shift_m,source_leak,payload_overlap,promoted_E_J,promoted_backreaction,ceiling_alpha_m,ceiling_E_J,ceiling_backreaction,surface_min_mps2,a_cm_mps2,E_over_QmX,scalar_hessian,conservation_rel,DEC_pass,PASS83
0.004,0.34,2.0,0.26394710823819745,0.13197355411909872,200.0,1405726052757.4666,0.8004578595584957,0.00010000000000013312,2.541452271496062e-67,209263343344.39066,0.007296000077117729,31.619023864637644,152678536917.86493,0.0099999999999996,9.80665,12.894452328294165,0.48160493181161174,0.0002707339796238916,6.001831406768484e-06,True,False
0.004,0.34,2.5,0.3299338852977468,0.13197355411909872,200.0,1297920569487.9133,0.798015554795861,0.00010000000016884158,6.027700150286632e-67,194578708752.39615,0.007291226647708128,31.62937236228003,141871746633.21674,0.009999999999999593,9.80665,12.888856297900318,0.4927434938875629,0.0002731826870239302,5.333435973552721e-06,True,False
0.004,0.34,3.125,0.4124173566221835,0.13197355411909872,200.0,1266950013196.975,0.795360661703951,0.00010000000000002245,1.3018557896515644e-66,191391378257.27127,0.007286045599385652,31.640616059734974,139448630931.18027,0.009999999999999594,9.80665,12.882800473060756,0.5016658840603114,0.00027475956053918773,4.527643276148621e-06,True,False
0.004,0.34,4.0,0.5278942164763949,0.13197355411909872,200.0,1283747576800.373,0.7922800821983081,0.00010000000000981106,2.7300130543312314e-66,195651606747.32797,0.007280044129154544,31.653655204350688,142435233106.05975,0.009999999999999587,9.80665,12.87580905598199,0.5094473741336067,0.0002759629811106036,4.195811231008709e-06,True,False
0.004,0.34,5.0,0.6598677705954936,0.13197355411909872,200.0,1328734485259.031,0.7894632454192715,0.00010000000000026998,4.833613879789128e-66,204149357671.03998,0.0072745661846318815,31.66557098955942,148509801392.81277,0.009999999999999589,9.80665,12.86944924428936,0.5149214919861211,0.000276757001691643,3.875062100644119e-06,True,False
0.004,0.37,2.0,0.29595171672569087,0.14797585836284544,200.0,1538450739353.1816,0.8092677945429861,0.0001000000000036132,9.749612356355554e-67,223264926764.70773,0.007313276415411729,31.581654571115223,163279812329.7028,0.009999999999999606,9.80665,12.914840935054793,0.5212519341728133,0.000269783321414757,6.3949377004162095e-06,True,False
0.004,0.37,2.5,0.3699396459071136,0.14797585836284544,200.0,1415643863458.3083,0.8067807863924239,0.00010000000001364141,2.0895551129153582e-66,206927238188.22452,0.007308390273764681,31.592210018245638,151230501495.18677,0.009999999999999603,9.80665,12.909052948843225,0.5331075362969281,0.0002720388344327422,5.3930489216843634e-06,True,False
0.004,0.37,3.125,0.462424557383892,0.14797585836284544,200.0,1375677022215.8396,0.8041152394732629,9.999999927184123e-05,4.1071812774271106e-66,202640506732.20346,0.007303161305518136,31.603517799724706,147991630769.7275,0.009999999999999601,9.80665,12.902877811248048,0.5425352042664228,0.0002734874217840457,5.091708656120165e-06,True,False
0.004,0.37,4.0,0.5919034334513817,0.14797585836284544,200.0,1384824016969.884,0.8010671330265333,0.00010000000000152397,7.832955810471827e-66,205790023607.382,0.007297191969440808,31.616441500696958,150168930765.88815,0.009999999999999598,9.80665,12.895852121465268,0.5506702329893692,0.00027459043200058896,5.080023951215932e-06,True,False
0.004,0.37,5.0,0.7398792918142272,0.14797585836284544,200.0,1422635765021.6501,0.7983214701406345,9.999999977509855e-05,1.2845477907261358e-65,213087776198.95193,0.007291824172025584,31.6280764104115,155379859725.07584,0.009999999999999596,9.80665,12.889555916709993,0.5563109407907783,0.00027531648225167675,5.091081064978235e-06,True,False
0.004,0.4,2.0,0.3296029785010349,0.16480148925051746,200.0,1671940582123.2131,0.8165262861888224,0.00010000000001186917,4.675630630249448e-66,237577803779.13455,0.00732757769217658,31.550820467888816,174086981512.83588,0.009999999999999613,9.80665,12.93188121071121,0.5603057899322658,0.0002689693008593411,6.368571344705208e-06,True,False
0.004,0.4,2.5,0.41200372312629363,0.16480148925051746,200.0,1533174347048.239,0.8139973767599313,9.999999898112925e-05,9.19294661826809e-66,219467192794.13724,0.007322588149677667,31.561567853149388,160706786519.74362,0.00999999999999961,9.80665,12.925919131268374,0.5728032289219354,0.00027106364478100007,6.080049817922328e-06,True,False
0.004,0.4,3.125,0.5150046539078671,0.16480148925051746,200.0,1483147553381.4053,0.8113230485467299,0.00010000000000169354,1.6679780855863015e-65,213960635863.23108,0.007317319691830582,31.57292794653889,156561837407.86755,0.009999999999999606,9.80665,12.91964350379406,0.5826594740905886,0.0002724051353784556,6.049344034903617e-06,True,False
0.004,0.4,4.0,0.6592059570020699,0.16480148925051746,200.0,1483270163492.9165,0.8083084986684678,0.00010000000000000723,2.9363304744784115e-65,215855822780.5458,0.007311390872407141,31.585726623213223,157820629243.36792,0.009999999999999603,9.806649999999998,12.91260533924611,0.5910631078062737,0.00027342406441698355,6.05312559092059e-06,True,False
0.004,0.4,5.0,0.8240074462525873,0.16480148925051746,200.0,1512549055140.2234,0.8056328304576933,0.00010000000102670208,4.514262387713367e-65,221827211810.89368,0.007306137335240366,31.59708056869181,162070007418.39078,0.009999999999999603,9.80665,12.906389951651796,0.5967969625037222,0.0002740927911212415,6.085385066473134e-06,True,False
0.004,0.43,2.0,0.3649991872451007,0.18249959362255036,200.0,1806204489421.37,0.8225344329872996,0.00010000000002067955,2.7965106640794723e-65,252200954239.04968,0.007339461145724287,31.525267870086648,185101910455.2164,0.009999999999999622,9.80665,12.946154862944947,0.5987209660981124,0.0002682596805968536,7.254937187586634e-06,True,False
0.004,0.43,2.5,0.45624898405637593,0.18249959362255036,200.0,1650476500017.4165,0.8199655640624929,9.999999999839034e-05,5.105176471701515e-65,232190364810.7145,0.007334375156363986,31.536196503195175,170297124321.48605,0.009999999999999619,9.80665,12.940033079317057,0.61177721664107,0.00027021802325415134,7.191663435768351e-06,True,False
0.004,0.43,3.125,0.5703112300704699,0.18249959362255036,200.0,1589314774220.8564,0.8172831473318453,0.00010000000000714841,8.649937402657869e-65,225340051583.89612,0.007329072406884235,31.547603015700957,165153355422.94672,0.009999999999999617,9.806650000000001,12.933670825026613,0.6219783135449244,0.0002714689325592699,7.1643562313542865e-06,True,False
0.004,0.43,4.0,0.7299983744902014,0.18249959362255036,200.0,1579100465685.8076,0.8143006713556127,0.00010000000000282634,1.4221410626745807e-64,225842219839.5034,0.007323186162883377,31.56027916409495,165388461932.35806,0.009999999999999613,9.80665,12.926632744908094,0.6305598570532563,0.00027241636972246173,7.174656825765001e-06,True,False
0.004,0.43,5.0,0.9124979681127519,0.18249959362255036,200.0,1598662036906.8406,0.8116940950468721,0.00010000000000467765,2.0697285954297193e-64,230376794866.67117,0.007318050165941983,31.571352131839387,168590894190.32916,0.009999999999999605,9.80665,12.920512417262357,0.6363112216942157,0.0002730358589076692,7.215790389941052e-06,True,False
0.005,0.34,2.0,0.2653679788190646,0.1326839894095323,160.0,1116789541538.6929,0.7626342366956097,0.00010000000000453852,5.5754963288540595e-55,185178212525.86267,0.007222859527759976,31.77871184161559,133751621667.60466,0.009999999999999572,9.80665,12.81041317615044,0.48141054831615593,0.00042632663231649277,3.522086608479724e-06,True,False
0.005,0.34,2.5,0.33170997352383075,0.1326839894095323,160.0,1031739989217.3872,0.7595761513355465,9.999999999664403e-05,1.2520161439725634e-54,172556154856.93353,0.007217019885521263,31.79156609353524,124534120097.16289,0.009999999999999573,9.80665,12.803855860937293,0.49244137315996406,0.0004311641214071716,3.017268037090405e-06,True,False
0.005,0.34,3.125,0.4146374669047884,0.1326839894095323,160.0,1007479799804.081,0.7562556058614139,0.00010000000000035466,2.5697632120631607e-54,170079488826.29242,0.007210691657215328,31.805513449534963,122639075114.3247,0.00999999999999957,9.806650000000001,12.79677448120045,0.5012690407111131,0.00043428911027784185,2.6822706352959597e-06,True,False
0.005,0.34,4.0,0.5307359576381292,0.1326839894095323,160.0,1021124631917.8727,0.752407720948998,0.0001000000000003118,5.1186106230023586e-54,174254597685.2533,0.007203374867524165,31.821662490271834,125522118951.6542,0.00999999999999957,9.80665,12.78861848859938,0.5089601431414512,0.00043667871416147553,2.6342040492854233e-06,True,False
0.005,0.34,5.0,0.6634199470476615,0.1326839894095323,160.0,1057132432819.1005,0.7488933332720266,9.999999983061463e-05,8.692140832090859e-54,182183649748.02164,0.007196707658469739,31.836399267916008,131112246738.96126,0.009999999999999568,9.80665,12.7812158501508,0.5143648714328197,0.0004382572837657155,2.4733018118137247e-06,True,False
0.005,0.37,2.0,0.297413014378426,0.148706507189213,160.0,1222959828300.591,0.7736802742040843,9.999999992137683e-05,1.5605562732749922e-54,196544580744.92917,0.007244045223146351,31.73220833056654,142377783128.06668,0.009999999999999577,9.806650000000001,12.834387718699839,0.5210648096008276,0.00042443415389016917,3.656964634231999e-06,True,False
0.005,0.37,2.5,0.37176626797303247,0.148706507189213,160.0,1125942598905.8506,0.770568632769447,0.00010000000000000864,3.190809842091283e-54,182556105976.59238,0.007238062636606905,31.745319675423428,132135252975.36798,0.009999999999999577,9.80665,12.827587919542948,0.5328155910341085,0.0004288839465667494,3.210058785579546e-06,True,False
0.005,0.37,3.125,0.4647078349662906,0.148706507189213,160.0,1094519937866.124,0.7672376656332647,0.00010000000000209051,6.003406851046834e-54,179142033415.55078,0.007231671070634087,31.759345305881485,129549626058.58594,0.009999999999999572,9.80665,12.820349173677785,0.5421515686010039,0.00043175002492931876,3.1905000373624393e-06,True,False
0.005,0.37,4.0,0.594826028756852,0.148706507189213,160.0,1102091951345.8467,0.7634330846853916,0.00010000000236460027,1.0958770336256067e-53,182329900823.89993,0.0072243868189115785,31.77535253153991,131722173220.56937,0.009999999999999573,9.80665,12.81213177638211,0.5501998135715809,0.00043393626521931103,3.18463655652039e-06,True,False
0.005,0.37,5.0,0.7435325359460649,0.148706507189213,160.0,1132415058684.314,0.760009136009825,0.00010000000034288763,1.734744832958359e-53,189163114297.5215,0.007217846026189607,31.78974664094867,136535023283.4074,0.009999999999999572,9.80665,12.804782206257281,0.5557746728165704,0.0004353768861706227,3.192972969367199e-06,True,False
0.005,0.4,2.0,0.33110720222054285,0.16555360111027143,160.0,1329741744091.2004,0.7827801740899542,0.00010000000000125956,5.247677349320882e-54,208243962044.817,0.007261606736351039,31.69381442220059,151218575758.91364,0.009999999999999582,9.80665,12.854485205649622,0.5601263667806307,0.0004228169814681845,3.854108078087104e-06,True,False
0.005,0.4,2.5,0.41388400277567855,0.16555360111027143,160.0,1219992232691.5654,0.7796181529950906,9.999999999668975e-05,9.903240876902885e-54,192786155008.28702,0.007255493415298479,31.707163870385262,139875867822.33966,0.009999999999999582,9.80665,12.847465713754074,0.572522118737905,0.000426944029544501,3.816654512065288e-06,True,False
0.005,0.4,3.125,0.5173550034695982,0.16555360111027143,160.0,1180557132070.1165,0.7762785362099104,0.00010000000000042478,1.7301829828337714e-53,188335205619.11597,0.00724904953359204,31.72125342975699,136525123445.22713,0.009999999999999577,9.80665,12.840093745577764,0.5822899752851075,0.0004295945298955684,3.7970828881556815e-06,True,False
0.005,0.4,4.0,0.6622144044410857,0.16555360111027143,160.0,1180957139807.316,0.7725167121014115,0.00010000000000179882,2.9330765510611943e-53,190421711192.57953,0.007241806763568203,31.737112201924706,137899723604.47116,0.009999999999999579,9.80665,12.83184073280755,0.5906107744745002,0.0004316109913858933,3.7953967782378207e-06,True,False
0.005,0.4,5.0,0.8277680055513571,0.16555360111027143,160.0,1204507187865.3235,0.76918199046054,0.00010000000000149886,4.37523583769418e-53,196062538234.23502,0.00723540030565986,31.75115962692568,141859094906.84918,0.009999999999999577,9.80665,12.824569466322059,0.5962826472394678,0.0004329356678763631,3.810408377303659e-06,True,False
0.005,0.43,2.0,0.36654915863861615,0.18327457931930807,160.0,1437141904782.4324,0.7903106536776107,0.00010000000000001234,2.1146716657919714e-53,220269986667.49954,0.007276213175301702,31.661986992616946,160273137911.36563,0.009999999999999589,9.80665,12.871359205335725,0.5985497019213862,0.0004214097335338967,4.521769324978161e-06,True,False
0.005,0.43,2.5,0.45818644829827015,0.18327457931930807,160.0,1313860219714.8127,0.7871004900313374,0.00010000000000165385,3.7242206960734623e-53,203233548045.33795,0.007269978466967967,31.675560688200356,147750351805.51675,0.009999999999999587,9.80665,12.864138816175233,0.6115076326915267,0.00042526489623491187,4.488607636729331e-06,True,False
0.005,0.43,3.125,0.5727330603728378,0.18327457931930807,160.0,1265553734238.865,0.7837526754210845,0.00010000000000337589,6.105170095730704e-53,197642615552.5931,0.0072634892963855625,31.68970693525568,143557502257.59668,0.009999999999999582,9.80665,12.856651884429173,0.6216239296822824,0.0004277334554221155,4.47693050305922e-06,True,False
0.005,0.43,4.0,0.7330983172772323,0.18327457931930807,160.0,1257731440020.6006,0.780033077125093,9.999999998676347e-05,9.71476135260073e-53,198515099390.90042,0.007256294941254182,31.70541264494064,144048411147.28223,0.009999999999999582,9.80665,12.848384619646612,0.6301269430879999,0.0004296059249796933,4.48888544849797e-06,True,False
0.005,0.43,5.0,0.9163728965965403,0.18327457931930807,160.0,1273558250947.6582,0.7767852256729865,0.00010000000000036984,1.3776130315721841e-52,202879360597.51636,0.007250026357894635,31.719116393729895,147088071180.48657,0.00999999999999958,9.80665,12.841209479258614,0.635820506099236,0.0004308313072444022,4.518630035636243e-06,True,False
0.00625,0.34,2.0,0.2671577026975155,0.13357885134875774,128.0,885670170930.8572,0.7150614803490883,0.00010000000000399063,3.8803885901483686e-45,167638369919.2907,0.007133281061776717,31.977624996806394,119581160937.2448,0.00999999999999957,9.80665,12.71214644318087,0.4811693237896271,0.0006727543407978923,2.0178567510509652e-06,True,False
0.00625,0.34,2.5,0.33394712837189433,0.13357885134875774,128.0,818813513081.564,0.7112271265450041,0.00010000000172013272,8.199937369508179e-45,156622276682.92126,0.007126179268268554,31.99355512772914,111611842104.69019,0.009999999999999577,9.80665,12.7045607653841,0.49206684364575737,0.000682339879890873,1.7710636332254228e-06,True,False
0.00625,0.34,3.125,0.41743391046486794,0.13357885134875774,128.0,799915877536.7678,0.707069578629905,0.00010000000000003452,1.5905603420642641e-44,154758339718.24387,0.007118498852297899,32.010809999326796,110164706366.78943,0.009999999999999573,9.80665,12.696389567975334,0.5007775199154652,0.0006885571120514476,1.6686622602001127e-06,True,False
0.00625,0.34,4.0,0.534315405395031,0.13357885134875774,128.0,811034264744.8302,0.7022585062149727,9.999999888494312e-05,2.9928068045498328e-44,158983786074.12274,0.007109637106766882,32.030753584922536,113031702484.74036,0.00999999999999529,9.80665,12.687003176395558,0.508357163033538,0.0006933232488961808,1.6630327782304149e-06,True,False
0.00625,0.34,5.0,0.6678942567437887,0.13357885134875774,128.0,839855019757.2164,0.6978708075856029,9.99999990061355e-05,4.853449429750243e-44,166612218011.39908,0.0071015794751943815,32.04891988471223,118320990774.69035,0.009999999999995434,9.80665,12.678506855228333,0.5136764462718979,0.0006964765827159652,1.5789346236712003e-06,True,False
0.00625,0.37,2.0,0.2992499396685848,0.1496249698342924,128.0,970598594161.5961,0.7289280464053286,0.0001000000000021552,8.524692876125107e-45,176824941982.91705,0.007159111504727632,31.919884408186807,126590947647.27515,0.00999999999999957,9.80665,12.739984408934422,0.5208319660372752,0.0006689689633895505,2.1189412658858857e-06,True,False
0.00625,0.37,2.5,0.374062424585731,0.1496249698342924,128.0,894199168759.5015,0.7250316106666908,9.999999999412872e-05,1.6538719890691408e-44,164670138130.32578,0.007151829947391403,31.936129714610143,117769282532.1593,0.009999999999999572,9.80665,12.732097237618014,0.5324530313858667,0.0006777709960860366,2.020190600459762e-06,True,False
0.00625,0.37,3.125,0.46757803073216375,0.1496249698342924,128.0,869604823333.9232,0.7208657192056008,0.00010000000084917761,2.964129555365488e-44,161991225190.74747,0.0071440650050508744,31.953480820651613,115727584301.05846,0.00999999999999957,9.80665,12.723720960013361,0.5416757232880182,0.0006834611858310988,2.0079320491099834e-06,True,False
0.00625,0.37,4.0,0.5984998793371696,0.1496249698342924,128.0,875911523371.738,0.7161137113851628,0.00010000000047460961,5.15377413600085e-44,165312862131.93756,0.007135233041503749,31.97325065157073,117954579606.94052,0.009999999999999573,9.80665,12.714236517792187,0.5496169018976026,0.0006878115210090817,2.004131631427164e-06,True,False
0.00625,0.37,5.0,0.748124849171462,0.1496249698342924,128.0,900239200941.392,0.7118428165819712,0.0001000000000000785,7.845355201760238e-44,171907074334.0668,0.007127318426223944,31.990998263628253,122523645849.9495,0.009999999999999577,9.80665,12.70577558782257,0.5551106317403828,0.0006906820706196078,2.0089833577191355e-06,True,False
0.00625,0.4,2.0,0.3329942279485133,0.16649711397425665,128.0,1056016928832.8494,0.7403483898237683,0.0001000000000000022,2.1755488986113013e-44,186384041558.28928,0.007180558455069715,31.872179475113988,133834150550.14963,0.00999999999999957,9.80665,12.763399583833547,0.5599024637670774,0.0006657424604925007,2.421102465849851e-06,True,False
0.00625,0.4,2.5,0.4162427849356416,0.16649711397425665,128.0,969464440928.558,0.7363935971893326,0.00010000000000016754,3.9218090253501343e-44,173000264546.5855,0.007173113817784432,31.888714503626428,124095058809.95285,0.009999999999999568,9.806650000000001,12.755240268851798,0.5721723918086085,0.00067389402902183,2.398013679511407e-06,True,False
0.00625,0.4,3.125,0.520303481169552,0.16649711397425665,128.0,938494271202.6034,0.7322206530686928,0.00010000000000039784,6.56874750593031e-44,169424263553.21146,0.007165278846123984,31.906144314622345,121397209165.80125,0.009999999999999572,9.80665,12.746689376906046,0.5818310352021945,0.0006791468671765872,2.3860996531157532e-06,True,False
0.00625,0.4,4.0,0.6659884558970266,0.16649711397425665,128.0,939109848089.7148,0.7275256900557061,0.0001000000000000537,1.0677836995935272e-43,171753112191.74335,0.00715648871845158,31.92573304212564,122914920975.92126,0.009999999999999572,9.80665,12.737139859306097,0.5900496200538142,0.0006831514101814135,2.3853114560473833e-06,True,False
0.00625,0.4,5.0,0.8324855698712832,0.16649711397425665,128.0,958071689846.4706,0.7233684436968872,9.999999985514956e-05,1.5403581117015844e-43,177244081475.74078,0.0071487274156898165,31.943059067276884,126706962451.4442,0.00999999999999957,9.80665,12.728746191049346,0.5956451040964589,0.000685785316831589,2.394718960936988e-06,True,False
0.00625,0.43,2.0,0.36848947105938196,0.18424473552969098,128.0,1141930006050.6785,0.7497978930054635,0.00010000000000000712,6.435594143767015e-44,196299906141.74435,0.007198422306190954,31.832607363369558,141304962307.39844,0.009999999999999567,9.80665,12.783116980084753,0.5983353081206583,0.000662941028467058,2.8370201877677953e-06,True,False
0.00625,0.43,2.5,0.46061183882422746,0.18424473552969098,128.0,1044586153139.0768,0.7457855705858139,0.00010000000038354301,1.0886228651547206e-43,181592179082.7554,0.007190824154023316,31.84942081414697,130579742753.00615,0.009999999999999568,9.80665,12.774706359927638,0.6111716282198243,0.0006705458313774116,2.8166860095222293e-06,True,False
0.00625,0.43,3.125,0.5757647985302843,0.18424473552969098,128.0,1006553913903.5908,0.7416053579789842,0.00010000000000001009,1.7199018985531666e-43,177033053473.51578,0.007182928537267289,31.866920762244654,127161577183.4537,0.00999999999999957,9.80665,12.76600428050058,0.6211831696556823,0.0006754305810988078,2.809882398573699e-06,True,False
0.00625,0.43,4.0,0.7369789421187639,0.18424473552969098,128.0,1000637877091.0629,0.7369658394488308,0.00010000000000006518,2.6385472189717688e-43,178279438693.92847,0.00717418986688105,31.886322936784698,127901054255.12782,0.009999999999999568,9.806650000000001,12.756417536429,0.6295892901230714,0.0006791428067506402,2.8174543602162697e-06,True,False
0.00625,0.43,5.0,0.9212236776484549,0.18424473552969098,128.0,1013471234658.1625,0.7329186848066909,0.00010000000000433057,3.634942463838863e-43,182605972591.6729,0.007166587991603053,31.903229978513927,130866177037.05359,0.009999999999999568,9.80665,12.748115574352157,0.635211616543807,0.0006815748199184726,2.835452530270738e-06,True,False
0.0075,0.34,2.0,0.2689669408253903,0.13448347041269515,106.66666666666667,731612582580.3057,0.6671235511204024,0.00010000000000013985,1.32197521622671e-38,157689100882.31516,0.007045764506091026,32.17561165801015,111104026999.44266,0.00999999999999637,9.80665,12.620629209414895,0.4809308577548119,0.0009785668478092592,1.3037158113600432e-06,True,False
0.0075,0.34,2.5,0.3362086760317379,0.13448347041269515,106.66666666666667,676877352816.4852,0.6625022721269764,0.00010000000000010547,2.6458888071650275e-38,147704184938.71335,0.007037473782294067,32.19455883974761,103946432904.16728,0.009999999999996503,9.80665,12.612173802662102,0.4916964034200451,0.000995374346770719,1.19376824477182e-06,True,False
0.0075,0.34,3.125,0.4202608450396723,0.13448347041269515,106.66666666666667,661551485971.5435,0.6574981889231737,0.00010000000000004482,4.880087398918772e-38,146297913333.40042,0.0070285251864998215,32.2150470961591,102825856859.65184,0.009999999999996638,9.80665,12.603087506693443,0.500291497633505,0.0010063211224695156,1.1455799362324667e-06,True,False
0.0075,0.34,4.0,0.5379338816507806,0.13448347041269515,106.66666666666667,670983062455.8057,0.6517160832824226,0.00010000000000003012,8.728678035157079e-38,150681210386.78125,0.007018222660898164,32.238683752441204,105751428530.84097,0.009999999999996801,9.806649999999998,12.592677432971536,0.5077612251500508,0.0010147345620574798,1.1416633423575818e-06,True,False
0.0075,0.34,5.0,0.6724173520634757,0.13448347041269515,106.66666666666667,695009868181.5516,0.6464504556770682,0.0001000000000000151,1.3588468221112727e-37,158269719271.1563,0.007008875219395339,32.26017427651497,110929271338.0604,0.009999999999996938,9.80665,12.583279153552535,0.5129963825063943,0.0010203097056362986,1.0943842595240767e-06,True,False
0.0075,0.37,2.0,0.30110386705683834,0.15055193352841917,106.66666666666667,802379259639.2405,0.6838449942007365,0.00010000000000061898,2.492442814936121e-38,165343225275.42883,0.0070759776448698205,32.106846167849326,116996496578.00923,0.009999999999995868,9.80665,12.65174973949303,0.5206013334941695,0.000971868117554983,1.4004874363921436e-06,True,False
0.0075,0.37,2.5,0.3763798338210479,0.15055193352841917,106.66666666666667,739717064033.7341,0.6791565419675438,9.999999999094997e-05,4.613291042889189e-38,154369469955.43506,0.007067472411625257,32.126159586539806,109100197010.76859,0.009999999999996016,9.80665,12.642939770324046,0.5320939053954014,0.0009872743166904762,1.385951863601842e-06,True,False
0.0075,0.37,3.125,0.4704747922763099,0.15055193352841917,106.66666666666667,719670991782.8984,0.6741491819795788,0.00010000000000015293,7.916281061787266e-38,152221833355.09824,0.007058417837538429,32.146758782437125,107444530381.68399,0.009999999999996163,9.80665,12.633603427378285,0.5412045914779544,0.0009972715019822397,1.3775314594011716e-06,True,False
0.0075,0.37,4.0,0.6022077341136767,0.15055193352841917,106.66666666666667,725130933891.978,0.6684445770373618,0.00010000000000080376,1.3178901745464333e-37,155740534925.60876,0.007048139180526813,32.17019086272234,109768096620.57904,0.009999999999996331,9.80665,12.623057675014408,0.5490400908257164,0.0010049324377976758,1.3748499510301518e-06,True,False
0.0075,0.37,5.0,0.7527596676420958,0.15055193352841917,106.66666666666667,745458475520.8254,0.6633250151335334,0.00010000000000236732,1.9374774328949985e-37,162312724388.65543,0.007038947934668998,32.1911874431326,114251081610.64268,0.009999999999996477,9.80665,12.613674618296509,0.5544538615725905,0.0010099944838445674,1.3779824536457114e-06,True,False
0.0075,0.4,2.0,0.3348957994779614,0.1674478997389807,106.66666666666667,873555301614.9135,0.6976123453740031,0.00010000000000000647,5.329539688494665e-38,173419607067.1048,0.007101105554019503,32.04998932440997,123147093492.0659,0.009999999999995441,9.80665,12.67800826184616,0.559680259653776,0.0009661728313816416,1.660013840888297e-06,True,False
0.0075,0.4,2.5,0.4186197493474517,0.1674478997389807,106.66666666666667,802458560121.2213,0.6928586261431571,0.00010000000000396092,9.21990538120776e-38,161375422680.21957,0.007092403379738119,32.069645502884704,114453959322.43617,0.00999999999999559,9.80665,12.668875226694661,0.5718255037635511,0.0009804189436729209,1.644338226619372e-06,True,False
0.0075,0.4,3.125,0.5232746866843146,0.1674478997389807,106.66666666666667,777127049307.7585,0.6878482780989232,0.00010000000000038347,1.486926778761678e-37,158416657489.9241,0.00708326085047883,32.09033534689037,112210650806.25705,0.009999999999995747,9.80665,12.65932502473015,0.5813761093024046,0.0009896308768774444,1.6363051431664168e-06,True,False
0.0075,0.4,4.0,0.6697915989559228,0.1674478997389807,106.66666666666667,777882486254.9567,0.6822179536426378,0.00010000000110084917,2.327822455240297e-37,161000473409.79483,0.0070730230662894075,32.113551383891654,113876006211.14577,0.00999999999999592,9.80665,12.64868487795435,0.5894937347752852,0.0009966684927629422,1.635837658312506e-06,True,False
0.0075,0.4,5.0,0.8372394986949034,0.1674478997389807,106.66666666666667,793781866746.1279,0.6772374465585241,0.00010000000000004531,3.259030681380437e-37,166509786950.24503,0.007063998639646389,32.13405775032281,117622490850.4803,0.009999999999996071,9.80665,12.639352720750276,0.5950138707711321,0.001001303074184986,1.6431194450230538e-06,True,False
0.0075,0.43,2.0,0.37044183612525156,0.18522091806262578,106.66666666666667,945144329967.08,0.7090002831533907,9.999999998701801e-05,1.2902767153921214e-37,181892441740.9396,0.007122062939475119,32.00279942743243,129544941829.38385,0.009999999999999577,9.80665,12.70017721636574,0.5981221244939556,0.0009612388255909381,1.9456487362271893e-06,True,False
0.0075,0.43,2.5,0.46305229515656443,0.18522091806262578,106.66666666666667,865082293286.9287,0.7041821581064945,9.999999999465727e-05,2.1047255023129604e-37,168691120421.43964,0.007113177032302701,32.02278242151332,119992980333.57658,0.009999999999995233,9.80665,12.690747355127895,0.6108379131246539,0.000974511987914586,1.9302150598217675e-06,True,False
0.0075,0.43,3.125,0.5788153689457055,0.18522091806262578,106.66666666666667,833894196142.2158,0.6991673865196512,9.999999999356169e-05,3.2165970999494222e-37,164847146155.92725,0.007103958119760467,32.0435539063196,117106722245.4279,0.009999999999995393,9.806650000000001,12.681011223527754,0.6207457904226602,0.0009830649132686296,1.9253444859563607e-06,True,False
0.0075,0.43,4.0,0.7408836722505031,0.18522091806262578,106.66666666666667,829244550521.3015,0.6936070680123643,9.999999997918269e-05,4.775433065769807e-37,166423856755.4433,0.007093771676441922,32.06655244404034,118057284133.65147,0.00999999999999557,9.80665,12.670308492129726,0.6290561613244826,0.0009895773602196754,1.9304517053116916e-06,True,False
0.0075,0.43,5.0,0.9261045903131289,0.18522091806262578,106.66666666666667,840078236928.8387,0.688761643282,9.999999998867406e-05,6.410642073947697e-37,170826517315.84274,0.007084925243781515,32.08656578866689,121029310483.88127,0.009999999999995717,9.80665,12.661060222924409,0.6346081786905856,0.0009938486544150207,1.942337528579028e-06,True,False
0.00875,0.34,2.0,0.27079784262099815,0.13539892131049908,91.42857142857143,621588580446.4695,0.6187700922736379,9.999999999460308e-05,5.766416973319483e-34,152226286144.25684,0.006960281868371061,32.37259094309113,105953785933.95892,0.009999999999997611,9.80665,12.535121075458651,0.4806954645254897,0.0013456536948073222,9.150421532561479e-07,True,False
0.00875,0.34,2.5,0.3384973032762477,0.13539892131049908,91.42857142857143,575506674020.5637,0.6133466939113531,9.999999997806313e-05,1.0986608925271759e-33,142945832141.00198,0.006950867780113784,32.39450585489368,99359757893.0669,0.009999999999997738,9.80665,12.525923864067021,0.4913302762189645,0.0013727405509617987,8.56831704291371e-07,True,False
0.00875,0.34,3.125,0.4231216290953096,0.13539892131049908,91.42857142857143,562729995472.825,0.6074819909668413,0.00010000000000002142,1.9358412635604376e-33,141917408046.84827,0.006940726878041326,32.418162570602036,98500996849.29285,0.009999999999997863,9.80665,12.516063603344044,0.4998111157267023,0.0013904578290176734,8.349702081841529e-07,True,False
0.00875,0.34,4.0,0.5415956852419963,0.13539892131049908,91.42857142857143,570955086533.4021,0.6007151823721287,0.00010000000012127119,3.3072539670377516e-33,146536172272.02948,0.006929076634139191,32.4454043591295,101536036734.65173,0.009999999999998004,9.806650000000001,12.504795335186204,0.5071723893001115,0.0014041108860783935,8.322439452866741e-07,True,False
0.00875,0.34,5.0,0.6769946065524954,0.13539892131049908,91.42857142857143,591555790144.9835,0.5945615058607487,0.00010000000037618905,4.961576684412429e-33,154253093346.59207,0.006918528896767062,32.47012748108063,106720448373.43045,0.009999999999998125,9.80665,12.494647767115467,0.5123246723540502,0.0014131725006061436,8.027241149987086e-07,True,False
0.00875,0.37,2.0,0.30297736424700866,0.15148868212350433,91.42857142857143,682238561049.7008,0.6383891454771133,9.999999997527564e-05,9.816719196845372e-34,158703724543.39783,0.0069946291625745454,32.29300993475817,111007369990.07639,0.009999999999997152,9.806649999999998,12.569040130143286,0.520373317163073,0.0013347603799106994,1.0194762278735777e-06,True,False
0.00875,0.37,2.5,0.3787217053087608,0.15148868212350433,91.42857142857143,629383524280.7905,0.6328963339694346,9.999999996023551e-05,1.7408574525283834e-33,148539723883.38776,0.00698496663350982,32.315338195364,103754501507.65068,0.009999999999997284,9.80665,12.55943978572257,0.5317385121613025,0.0013595435025875098,1.0088863109469372e-06,True,False
0.00875,0.37,3.125,0.473402131635951,0.15148868212350433,91.42857142857143,612583747506.7313,0.627037863959232,0.00010000000000001704,2.8715495422098377e-33,146813898474.07724,0.006974700495887335,32.3391120994346,102398297049.05634,0.00999999999999742,9.80665,12.549289962282272,0.5407383792476715,0.001375687899253998,1.0030452011226653e-06,True,False
0.00875,0.37,4.0,0.6059547284940173,0.15148868212350433,91.42857142857143,617436735266.83,0.6203716485576928,9.999999971402314e-05,4.595663736949314e-33,150578948085.64734,0.006963068569148607,32.36611235169796,104849154059.0885,0.009999999999997575,9.80665,12.537851700851208,0.548469495157155,0.0013880889198058443,1.001437853327576e-06,True,False
0.00875,0.37,5.0,0.7574434106175216,0.15148868212350433,91.42857142857143,634904703075.7041,0.6143959803348343,9.999999999982945e-05,6.546231123315455e-33,157269369002.98572,0.0069526864402916074,32.390268755215786,109344460934.05261,0.009999999999997716,9.80665,12.527697338276015,0.5538044036110406,0.0013962946195324687,1.0040505566486996e-06,True,False
0.00875,0.4,2.0,0.3368150378552495,0.16840751892762476,91.42857142857143,743240750846.9098,0.6545355118285269,0.0001000000000000265,1.860498547987046e-33,165663080880.27893,0.007023241300550478,32.22716319920843,116349179161.51918,0.009999999999996716,9.806650000000001,12.597741679781432,0.5594602611784659,0.001325522227119362,1.2082225690052755e-06,True,False
0.00875,0.4,2.5,0.4210187973190619,0.16840751892762476,91.42857142857143,683178300509.4795,0.6489742697089521,9.99999999956446e-05,3.1001426379695726e-33,154539246603.1432,0.007013351305622865,32.24987803135319,108383802693.4467,0.00999999999999687,9.80665,12.587774065052384,0.57148183525747,0.001348403664255953,1.1968614329845193e-06,True,False
0.00875,0.4,3.125,0.5262734966488274,0.16840751892762476,91.42857142857143,661871544623.1399,0.6431191328666759,0.00010000000000128259,4.8302380838550865e-33,152056633926.07758,0.007002978646572914,32.27375310137256,106484936045.43922,0.009999999999997027,9.806650000000001,12.577373178868621,0.5809254701009454,0.0013632520269260973,1.1910794864817053e-06,True,False
0.00875,0.4,4.0,0.673630075710499,0.16840751892762476,91.42857142857143,662724311758.6849,0.6365465238697854,0.00010000000000000857,7.307553041499766e-33,154914205560.92172,0.006991383753618949,32.30050429264369,108306465996.37181,0.009999999999997193,9.80665,12.56581046318375,0.588943287565203,0.0013746201681461131,1.1914529615870532e-06,True,False
0.00875,0.4,5.0,0.8420375946381238,0.16840751892762476,91.42857142857143,676433508852.0997,0.6307394295198466,9.99999996234187e-05,9.95648088801211e-33,160550641454.63535,0.006981182209974658,32.32409590670409,112083328192.34193,0.00999999999999733,9.80665,12.555692243162143,0.5943890349497704,0.0013821160438312746,1.1966564877143085e-06,True,False
0.00875,0.43,2.0,0.37241007628122913,0.18620503814061456,91.42857142857143,804597862726.3212,0.667886611463639,9.999999994149633e-05,3.92191598732513e-33,173066375095.1282,0.00704713592676586,32.172480709030246,121962226964.84601,0.009999999999996345,9.80665,12.622031334530465,0.5979107701035791,0.0013175366427168812,1.4165013051529996e-06,True,False
0.00875,0.43,2.5,0.46551259535153644,0.18620503814061456,91.42857142857143,736873997728.1522,0.662255831354037,0.00010000000000002955,6.188735063938009e-33,160902071888.1498,0.007037032379322094,32.19556853746882,113227308977.73169,0.009999999999996508,9.80665,12.611724635587487,0.610506955772373,0.001338826841537693,1.4048833319105802e-06,True,False
0.00875,0.43,3.125,0.5818907441894206,0.18620503814061456,91.42857142857143,710571325710.559,0.6564006285166292,0.00010000000054781644,9.175773979249356e-33,157597894524.44257,0.007026566478989126,32.21953687492365,110737208282.50804,0.009999999999996675,9.80665,12.601104167239654,0.6203121331223128,0.0013525907135566004,1.4009688605127267e-06,True,False
0.00875,0.43,4.0,0.7448201525624583,0.18620503814061456,91.42857142857143,706823280292.3835,0.6499159758608162,0.00010000000000005072,1.3221029322436766e-32,159489360472.74225,0.007015023411906049,32.24603424963506,111882159766.65625,0.009999999999996848,9.80665,12.58945580283907,0.6285277783170624,0.0013630915888342193,1.4042487737503541e-06,True,False
0.00875,0.43,5.0,0.9310251907030729,0.18620503814061456,91.42857142857143,716225625937.8578,0.6442698300396411,9.999999999974518e-05,1.7334661841064192e-32,164044290853.7071,0.007005013926153522,32.269064253978804,114913254193.65414,0.009999999999996997,9.80665,12.579409730992438,0.6340103226832944,0.0013699865808991375,1.4126108475112857e-06,True,False
0.01,0.34,2.0,0.27265169192048994,0.13632584596024497,80.0,539085119728.78687,0.5699373130955648,0.0001000000000000255,1.646234486099117e-30,149717919584.31668,0.006876766466934169,32.568573376312415,102957516889.67229,0.009999999999998567,9.80665,12.454966159488464,0.48046326600278616,0.0017760057614358065,6.780821920880363e-07,True,False
0.01,0.34,2.5,0.34081461490061243,0.13632584596024497,80.0,499489446140.4825,0.563690081673385,0.00010000000000026174,2.9975144441736004e-30,140940291769.98416,0.006866283808378128,32.593424885412674,96773604332.8461,0.00999999999999866,9.80665,12.445127710015893,0.4909685321035471,0.0018170468797964474,6.436984096586578e-07,True,False
0.01,0.34,3.125,0.42601826862576553,0.13632584596024497,80.0,488623125761.2342,0.5569440007415939,0.00010000000025766913,5.0641932433224826e-30,140249612056.68405,0.006855014980874417,32.62020373729278,96141319171.05128,0.009999999999998767,9.80665,12.434604851616779,0.49933639387732753,0.001844009791696659,6.353329509161501e-07,True,False
0.01,0.34,4.0,0.5453033838409799,0.13632584596024497,80.0,495942163351.0895,0.5491714190452552,0.0001000000000000185,8.293729434838722e-30,145169615673.70837,0.006842096754124175,32.650983517769184,99326455619.86455,0.009999999999998876,9.80665,12.422609156996845,0.506590621389261,0.0018648438593642726,6.332670036934923e-07,True,False
0.01,0.34,5.0,0.6816292298012249,0.13632584596024497,80.0,513971845802.4217,0.5421123539577768,0.00010000000000000282,1.2025361869470112e-29,153140844657.54984,0.006830424774030782,32.67886896944306,104601701926.5036,0.009999999999998968,9.80665,12.411831899879749,0.5116612354167845,0.0018786941152496334,6.135352069786201e-07,True,False
0.01,0.37,2.0,0.30487183028832215,0.15243591514416108,80.0,592146267140.1945,0.5925082677424044,0.0001000000000000158,2.6124463581129793e-30,155225497428.01102,0.006915019453996199,32.47836589607188,107338733447.11296,0.009999999999998168,9.80665,12.49128282044293,0.5201480782514568,0.0017593544021608696,7.755172642001145e-07,True,False
0.01,0.37,2.5,0.3810897878604027,0.15243591514416108,80.0,546642710030.11896,0.5861947993294947,0.00010000000032509079,4.453660912180938e-30,145640546883.89725,0.00690425936128748,32.50366434996287,100554010920.63481,0.009999999999998286,9.80665,12.481000799560077,0.5313869569169036,0.0017968345017612799,7.676366744082467e-07,True,False
0.01,0.37,3.125,0.4763622348255034,0.15243591514416108,80.0,532275839025.17706,0.5794693296794178,9.99999999998735e-05,7.083757551783523e-30,144276386580.77344,0.006892848509190536,32.53055752282567,99447527615.48401,0.009999999999998403,9.80665,12.470154182391532,0.5402771395425012,0.0018213474883556108,7.631271442188024e-07,True,False
0.01,0.37,4.0,0.6097436605766443,0.15243591514416108,80.0,536672009986.4259,0.5718259782543771,0.00010000000000000323,1.0931847537392691e-29,148332884186.06473,0.006879944528733359,32.56105028551754,102052201498.73047,0.009999999999998534,9.80665,12.457958457044668,0.5479051137114234,0.0018402225223842343,7.618095907147203e-07,True,False
0.01,0.37,5.0,0.7621795757208054,0.15243591514416108,80.0,551993439153.6925,0.5649825428461428,0.00010000000017672142,1.5124789531170967e-29,155245343871.6951,0.006868448795492405,32.588287633285645,106629469512.14928,0.009999999999998644,9.80665,12.447155704898035,0.5531622112507313,0.0018527300748848474,7.637676778776619e-07,True,False
0.01,0.4,2.0,0.33875352839243056,0.16937676419621528,80.0,645517043848.5128,0.6110733970150182,0.00010000000026774902,4.545856484500951e-30,161285428614.79654,0.006946932095757025,32.40368087602135,112043892062.23062,0.009999999999997788,9.80665,12.52209133210353,0.5592426731079749,0.0017452687042479895,9.183605462522268e-07,True,False
0.01,0.4,2.5,0.4234419104905382,0.16937676419621528,80.0,593726254359.7927,0.6046918350928675,9.99999993076914e-05,7.316722087794409e-30,150820978963.56912,0.006935916584876694,32.429402169270766,104608172934.0976,0.009999999999997919,9.806650000000001,12.511403344080104,0.5711415285487281,0.001779817918747147,9.09823597627379e-07,True,False
0.01,0.4,3.125,0.5293023881131728,0.16937676419621528,80.0,575435983960.7528,0.5979802765197653,0.00010000000000133153,1.1042971765041714e-29,148732909546.05093,0.006924383348368497,32.45639810058844,102988368221.52728,0.009999999999998059,9.80665,12.500273765119628,0.5804792034116718,0.001802319576495611,9.058371963589501e-07,True,False
0.01,0.4,4.0,0.6775070567848611,0.16937676419621528,80.0,576359796614.681,0.5904542614260087,9.999999978808627e-05,1.618731942697154e-29,151887525619.56406,0.006911513657703314,32.48660201518768,104977270775.45677,0.009999999999998207,9.806650000000001,12.487926996382118,0.5883983076606257,0.001819585213360873,9.060267348437235e-07,True,False
0.01,0.4,5.0,0.8468838209810764,0.16937676419621528,80.0,588424176155.8805,0.5838113196640815,9.999999999902246e-05,2.1508217563431e-29,157733138002.63614,0.006900209340034745,32.51320183022311,108839167207.89607,0.00999999999999833,9.80665,12.477144327314084,0.5937705798702798,0.0018309844094271273,9.098446851465779e-07,True,False
0.01,0.43,2.0,0.37439603476509004,0.18719801738254502,80.0,699199431387.133,0.6264177797880525,0.00010000000000000564,8.672451918835106e-30,167844854341.40005,0.006973616277657474,32.341625952416365,117048560835.65349,0.00999999999999744,9.80665,12.548221028441574,0.5977014975037055,0.0017331197627496362,1.0766509384892946e-06,True,False
0.01,0.43,2.5,0.46799504345636256,0.18719801738254502,80.0,640724929764.6938,0.6199644276143733,9.999999986909429e-05,1.3271839778386633e-29,156424583658.35056,0.006962359717815424,32.367759938068716,108908422013.9211,0.00999999999999759,9.806649999999998,12.537156760080652,0.610178937389077,0.0017652223469615967,1.0679888570122169e-06,True,False
0.01,0.43,3.125,0.5849938043204532,0.18719801738254502,80.0,618083990483.9266,0.6132599464958577,9.999999999748796e-05,1.913344920247705e-29,153555936199.0145,0.006950717484825969,32.39485608602254,106732393063.75522,0.00999999999999774,9.806649999999998,12.525777373199125,0.6198823163244761,0.0017860460117579936,1.0647944262073294e-06,True,False
0.01,0.43,4.0,0.7487920695301801,0.18719801738254502,80.0,615009888257.476,0.605841984894857,0.00010000000002014679,2.6817290833351113e-29,155762828150.6004,0.0069378983551460546,32.42477020351857,108066666921.91753,0.009999999999997898,9.80665,12.51332199012853,0.628004198677981,0.0018019650187336396,1.0670859278645377e-06,True,False
0.01,0.43,5.0,0.9359900869127251,0.18719801738254502,80.0,623336301548.6338,0.5993893474860614,9.99999999999593e-05,3.4402424174529065e-29,160528724831.95413,0.0069268003094798735,32.450735118206886,111195042084.66077,0.009999999999998035,9.80665,12.50260102215033,0.6334180580634785,0.0018124297169434902,1.0730145999530589e-06,True,False
