radius_mid,active_integral,energy_integral,kernel_volume_integral,radialized_force
2.847005481080494560e-02,0.000000000000000000e+00,0.000000000000000000e+00,0.000000000000000000e+00,0.000000000000000000e+00
8.541016443241483680e-02,-1.235471210002005549e+00,6.196822370611752007e-01,-5.365541875238322850e-02,8.239506084746592407e+00
1.423502740540247280e-01,-3.676391112004656403e+00,1.900834475898545151e+00,-1.617482990633389850e-01,2.463741481495760155e+01
1.992903836756346192e-01,-3.573917323213629871e+00,1.991484604378188195e+00,-1.584691942641071050e-01,2.346513500348679671e+01
2.562304932972445104e-01,-4.219018541651851528e+00,3.019026568391218746e+00,-2.123033280591357652e-01,2.783320417626768517e+01
3.131706029188544016e-01,-7.493664699987703237e+00,8.006979414796726147e+00,-4.692029859265461900e-01,4.855874739375959592e+01
3.701107125404642928e-01,-2.411350328244538765e+00,1.913192726200341909e+01,-4.645544449407048027e-01,9.282407538488801180e+00
4.270508221620741840e-01,4.922452372212855032e+00,1.637749331605587599e+01,-5.066082460379318919e-02,-3.099622022460003734e+00
4.839909317836840752e-01,4.877235080814922696e+01,5.928743753817568773e+01,-7.321625882373257455e-02,-1.849374825339139150e+01
5.409310414052939109e-01,7.198570984791379601e+01,6.736141822078073460e+01,1.456603300946857082e-02,6.206163992148812092e+00
5.978711510269039131e-01,1.992441306247796717e+02,1.647920817717499631e+02,5.025343956538863566e-03,2.894261941589655329e+00
6.548112606485136933e-01,1.732322889825395009e+02,1.361257094739658271e+02,3.661091386625292543e-03,2.388803541896375116e+00
7.117513702701236955e-01,2.138173307122834785e+02,1.640065269700401416e+02,-1.626471226788092639e-03,-1.108356932042357190e+00
7.686914798917334757e-01,3.426460473847072308e+02,2.631225751570137845e+02,8.723126650665713466e-04,5.544955463013779839e-01
8.256315895133434779e-01,1.777287651097407775e+02,1.413456215480256049e+02,-3.477756544427446084e-04,-1.829205801301213574e-01
8.825716991349532581e-01,2.461929100922017142e+02,2.063163292563619393e+02,1.262387922860472300e-03,5.150650363596929182e-01
9.395118087565632603e-01,1.903813006953586182e+02,1.776876672530170538e+02,-1.150706010874621987e-03,-2.992280067196865789e-01
9.964519183781730405e-01,9.142037466058110340e+01,9.829383584294006937e+01,1.012163029429802297e-03,1.597408279298099809e-01
1.053392027999783043e+00,7.790413623872950666e+01,9.711853736362692757e+01,-5.930425366221375727e-04,-5.629906084896270368e-02
1.110332137621392823e+00,4.175149043158199191e+01,6.823171843445038576e+01,-3.253127244655790173e-04,-1.468013855163464824e-02
1.167272247243002825e+00,1.516525472117961826e+01,3.986756825460482645e+01,5.007523262439972367e-04,8.067552190118239264e-03
1.224212356864612605e+00,3.400396138307926641e+00,2.486432483102797875e+01,-2.842961957261608275e-04,-9.102938150400407278e-04
1.281152466486222608e+00,-1.573031917045885297e+00,1.597389150098214117e+01,2.502204216773135093e-04,-3.001426014589482797e-04
1.338092576107832388e+00,-2.286016320646885980e+00,6.281231837360895298e+00,-1.801479196722882703e-04,3.709235880020742221e-04
1.395032685729442390e+00,-2.151595837001523570e+00,4.003665978681553383e+00,1.483923147175686408e-04,-2.204725677040647331e-04
1.451972795351052170e+00,-1.153092421567234682e+00,1.687927114106163584e+00,2.050925402811987208e-05,-1.651387300344236972e-05
1.508912904972662172e+00,-6.753987439079265354e-01,8.817324723531797526e-01,-2.028279559030121693e-04,7.669906127175338283e-05
1.565853014594271952e+00,-2.897773406743935354e-01,3.563959460911565458e-01,1.797208381667386723e-04,-2.955790871965021925e-05
1.622793124215881955e+00,-1.265302340200752385e-01,1.493727212162768991e-01,-1.705294496126552595e-04,1.253241849580894307e-05
1.679733233837491735e+00,-6.949665708391228325e-02,8.302010706879106583e-02,1.128264550221969031e-04,-3.867490694917243661e-06
1.736673343459101737e+00,-3.063730077838802690e-02,3.642462784819842925e-02,-3.700122586242082789e-05,5.337251237174705156e-07
1.793613453080711517e+00,-1.497534417266253512e-02,1.823632658264206022e-02,2.786895306557124474e-05,-1.657326557212989117e-07
1.850553562702321519e+00,-5.764300428703217870e-03,7.069444214627209483e-03,2.081212153093314754e-05,-4.873000938505259482e-08
1.907493672323931300e+00,-2.527907750315332679e-03,3.118613797735815887e-03,-9.080632824326473340e-05,8.972328737253866685e-08
1.964433781945541302e+00,-1.114503859127517153e-03,1.354995006806780080e-03,6.272565149212372404e-05,-2.586082887920805676e-08
2.021373891567151304e+00,-4.921328804593303862e-04,5.826742082141760830e-04,-3.367842183349400997e-05,6.006133138481371408e-09
2.078314001188760862e+00,-2.519546843134003048e-04,2.914381256059671256e-04,1.918850908844138559e-05,-1.451504173027701246e-09
2.135254110810370864e+00,-1.007732355140716701e-04,1.139963618567887120e-04,-2.206708302104898323e-05,7.033193106357100498e-10
2.192194220431980867e+00,-4.830341181694769134e-05,5.500298284110431208e-05,2.230322874144374801e-05,-3.180668520606926054e-10
2.249134330053590425e+00,-2.291497052125509169e-05,2.621334748488232384e-05,-2.044005667903303625e-06,1.260127193273402441e-11
2.306074439675200871e+00,-1.030139127041845805e-05,1.200049495120748636e-05,1.370920237081518778e-06,-3.634259214148145915e-12
2.363014549296810429e+00,-4.320270507163910840e-06,5.090462128815055395e-06,4.417763547398534385e-06,-4.841414741868244662e-12
2.419954658918420431e+00,-2.015051771338681518e-06,2.415015566225061410e-06,-2.356289290458835062e-05,1.117727293647083239e-11
2.476894768540030434e+00,-8.581126775977295735e-07,1.015912275923139324e-06,1.454847381951451801e-05,-2.751297868219519118e-12
2.533834878161639992e+00,-3.560667328061263268e-07,4.198337250381231341e-07,-1.318045979840920534e-05,1.115360428188954986e-12
2.590774987783249994e+00,-1.764749629572344134e-07,2.012457737399648044e-07,2.280394794924867075e-05,-8.336751390743303478e-13
2.647715097404859996e+00,-8.396171217524273434e-08,9.420500356096601855e-08,-1.321559934429339389e-05,2.158351892386877961e-13
2.704655207026469554e+00,-3.668546281260936513e-08,4.030943049015837092e-08,-2.684568066402270858e-06,1.921692744625725429e-14
2.761595316648080001e+00,-1.764065868954323368e-08,1.929671966035477080e-08,4.673777422720126751e-06,-1.466089922404453384e-14
2.818535426269689559e+00,-8.196666863026974040e-09,8.957289535587391177e-09,-1.376763058046071020e-05,1.981153799105501196e-14
2.875475535891299561e+00,-3.534789212584438503e-09,3.982867846562403696e-09,1.953154716251292999e-05,-1.220674305885264783e-14
2.932415645512909563e+00,-1.932439763724650539e-09,2.171911673041788779e-09,-1.930071083625084505e-05,5.681252234229276745e-15
2.989355755134519121e+00,-7.555416835532444804e-10,9.249299006360937217e-10,1.197645714387518545e-05,-1.430932701518925117e-15
3.046295864756129124e+00,-3.473923262705996655e-10,4.192749520718187732e-10,-7.632809543925422879e-06,4.285813490220447063e-16
3.103235974377739126e+00,-1.864089359371735505e-10,2.229878818466475152e-10,3.408202194826737141e-06,-8.687266739178536261e-17
3.160176083999348684e+00,-7.675387696680048773e-11,1.045040413535883574e-10,8.015227923457990400e-06,-8.881125504243341071e-17
3.217116193620959130e+00,-3.784102909434906218e-11,5.569359639359831882e-11,-8.421691355259275369e-06,4.352871311930804739e-17
3.274056303242568688e+00,-1.730965442817156192e-11,2.497384224476578711e-11,-2.945102115003983556e-05,6.947825103904407766e-17
3.330996412864178691e+00,-7.424130756808258888e-12,1.189676157356509972e-11,-4.056664682040855840e-05,4.409222283771049614e-17
3.387936522485788693e+00,-3.649691921350481432e-12,6.460477029514906327e-12,-5.697195037794589023e-05,2.830749743489332371e-17
3.444876632107398251e+00,-1.447756056723500546e-12,2.843463211392796858e-12,-5.902050814633741371e-05,1.361628687216122680e-17
3.501816741729008253e+00,-7.747415414350103236e-13,2.668077313080553300e-12,-6.494404249517138350e-05,7.471807322196630655e-18
3.558756851350618255e+00,-2.836596945451723477e-13,1.594144810126420037e-12,-6.508158308578954054e-05,2.839875749361976866e-18
3.615696960972227814e+00,-1.417325530452737310e-13,1.209729164644355330e-12,-6.849834036554147687e-05,1.517880184077893826e-18
3.672637070593838260e+00,-5.340137804127183583e-14,8.554176875149218477e-13,-5.884056055597414181e-05,5.684960994719623520e-19
3.729577180215447818e+00,-3.582855893874559239e-14,8.775402907094440950e-13,-6.252167063571650862e-05,3.798489243671925086e-19
3.786517289837057820e+00,-3.030766896765982902e-14,8.745738806923845409e-13,-5.932569066546822256e-05,3.183561078401689409e-19
3.843457399458667823e+00,-3.592406069979043210e-14,9.315037994540551327e-13,-5.403860256662090800e-05,3.672646446202636824e-19
3.900397509080277381e+00,-3.478607940381518529e-14,9.664483771738789737e-13,-4.948574125600291307e-05,3.473440088801384221e-19
3.957337618701887383e+00,-3.292727688477787436e-14,9.316032090865742005e-13,-4.626961358144415781e-05,3.204196693171251570e-19
4.014277728323497385e+00,-3.551827730721456908e-14,1.005284545342877362e-12,-4.260867988133826278e-05,3.353065768075315579e-19
4.071217837945107831e+00,-4.768889793234201867e-14,1.194947085505376947e-12,-3.864915967765475413e-05,4.306264189449170249e-19
4.128157947566716501e+00,-5.666890361107234600e-14,1.347345217144899820e-12,-3.575553825835645072e-05,4.909369565874951273e-19
4.185098057188326948e+00,-4.888565050844472857e-14,1.281793764676058226e-12,-3.117327600606067950e-05,4.073482464144234034e-19
4.242038166809937394e+00,-4.838877442753264896e-14,1.273551637775288269e-12,-2.957124522770526731e-05,3.917539130423737482e-19
4.298978276431546064e+00,-3.088752203787056097e-14,8.547274539974667095e-13,-2.337192998906265085e-05,2.431678972952631573e-19
4.355918386053156510e+00,-2.155477348481954487e-14,6.436538386260381635e-13,-2.131569899288532355e-05,1.641038457121555393e-19
4.412858495674766957e+00,-2.833131155637466800e-14,8.142967670121375845e-13,-1.890082724943439874e-05,2.047948788448908473e-19
4.469798605296376515e+00,-5.918935232619498271e-14,1.662530038055261351e-12,-1.544966487909520125e-05,4.209726174901685414e-19
4.526738714917986073e+00,-2.108372335296219513e-14,6.540468719614713091e-13,-1.241766145660717913e-05,1.506566596157384817e-19
4.583678824539596519e+00,-5.336733114085875552e-15,2.309091473481693579e-13,-1.010822630883624618e-05,3.644077282440312957e-20
4.640618934161206077e+00,-2.288469821256063700e-15,1.336048752739461925e-13,-9.237723425974120328e-06,1.536628894428609134e-20
4.697559043782815635e+00,-1.566206214459024587e-15,9.570085342202534003e-14,-7.065042001101057290e-06,1.018790491464655747e-20
4.754499153404426082e+00,-1.014474688972651888e-15,7.242038889493682406e-14,-5.470360125042240951e-06,6.328278683982714051e-21
4.811439263026036528e+00,-1.075314468203656530e-15,7.650741844386791572e-14,-4.883502983832332944e-06,6.399141822674621001e-21
4.868379372647645198e+00,-8.443225952865783832e-16,5.623625570415284544e-14,-3.852206300163953101e-06,4.812753554931443001e-21
4.925319482269255644e+00,-6.878930017159598961e-16,4.195945513836506263e-14,-2.943314097853672040e-06,3.756104441519054076e-21
4.982259591890866091e+00,-8.653683798889539180e-16,4.478965507207878561e-14,-2.122136281790341222e-06,4.475680507394907318e-21
5.039199701512474761e+00,-7.304414045483552766e-16,3.446159398798409201e-14,-1.798168570153182641e-06,3.627924430485234799e-21
5.096139811134085207e+00,-6.609792497754437235e-16,2.977269321968848833e-14,-1.179569018817765158e-06,3.126111398166242762e-21
5.153079920755695653e+00,-4.945175012036760695e-16,2.528645502638382177e-14,-9.808383686208711760e-07,2.232905322010511199e-21
5.210020030377304323e+00,-6.901584904150367150e-16,2.688712643426143389e-14,-7.240369914063727458e-07,2.957639624726009259e-21
5.266960139998914769e+00,-5.786774760407085249e-16,2.442260699183423179e-14,-5.206824286269290478e-07,2.340693118677242663e-21
5.323900249620525216e+00,-3.326873698898241051e-16,1.441685049885142076e-14,-1.847829378424443092e-07,1.273508627544082356e-21
5.380840359242134774e+00,-4.786602682022989249e-16,1.879470289488869899e-14,-1.758058615937820122e-07,1.743269134974584541e-21
5.437780468863744332e+00,-5.722893381577591230e-16,2.077538946303624461e-14,-2.714180318268578224e-08,1.930675620094267997e-21
